ROICentroidsXInPixels,ROICentroidsYInPixels,anglesInDeg,anglesInRad,fileID,golgiAreaInSquareMicrons,golgiCentroidsXInPixels,golgiCentroidsYInPixels,golgiPerimeterInMicrons,nucleiAreaInSquareMicrons,nucleiCentroidsXInPixels,nucleiCentroidsYInPixels,nucleiPerimeterInMicrons
111.0,111.0,-27.74,-0.48,Animal 1_2hrs_004,97.3,133.78,163.74,87.53,112.52,105.37,109.7,49.85
111.0,111.0,37.52,0.65,Animal 1_2hrs_004,0.96,75.52,169.68,5.7,118.95,123.35,107.41,44.95
111.0,111.0,-143.53,-2.51,Animal 1_2hrs_004,30.85,146.32,62.66,37.94,116.77,114.54,105.65,47.06
111.0,111.0,9.7,0.17,Animal 1_2hrs_004,31.27,91.45,173.21,40.06,165.7,103.3,103.93,70.05
111.0,111.0,-83.5,-1.46,Animal 1_2hrs_005,97.18,177.15,111.61,118.87,161.57,139.79,107.35,56.27
111.0,111.0,5.42,0.09,Animal 1_2hrs_005,34.47,105.23,171.69,44.67,63.46,111.07,110.06,36.53
111.0,111.0,-19.12,-0.33,Animal 1_2hrs_006,0.17,117.87,137.73,1.52,64.53,103.19,95.41,40.47
111.0,111.0,-105.96,-1.85,Animal 1_2hrs_006,60.27,191.31,108.43,45.4,142.98,120.08,128.8,80.07
111.0,111.0,5.25,0.09,Animal 1_2hrs_006,15.36,109.78,183.62,20.2,113.02,115.94,116.52,43.44
107.0,111.0,-109.84,-1.92,Animal 1_2hrs_006,181.25,161.64,69.97,62.09,106.4,116.78,86.15,44.6
111.0,111.0,-53.5,-0.93,Animal 1_2hrs_007,58.31,182.25,154.15,43.49,125.18,119.1,107.42,51.64
111.0,111.0,-24.57,-0.43,Animal 1_2hrs_007,8.01,157.17,202.01,12.96,218.11,116.45,112.96,95.23
111.0,111.0,-4.12,-0.07,Animal 1_2hrs_007,31.78,114.72,181.3,53.35,128.42,109.52,109.13,49.58
111.0,111.0,3.03,0.05,Animal 1_2hrs_007,27.59,140.75,166.4,49.53,141.81,143.64,111.88,58.85
111.0,111.0,-21.1,-0.37,Animal 1_2hrs_007,0.26,88.41,139.55,1.95,62.54,72.15,97.4,42.01
111.0,111.0,70.82,1.24,Animal 1_2hrs_008,20.55,58.09,102.99,41.84,42.06,115.7,82.94,27.42
111.0,111.0,91.54,1.6,Animal 1_2hrs_008,23.42,38.53,101.01,28.55,153.5,106.71,102.84,72.03
111.0,111.0,-11.44,-0.2,Animal 1_2hrs_008,60.97,96.53,180.14,63.45,124.99,82.21,109.37,63.36
111.0,111.0,102.72,1.79,Animal 1_2hrs_008,121.47,57.91,82.46,118.67,107.75,76.37,86.63,66.5
111.0,111.0,-14.96,-0.26,Animal 1_2hrs_008,2.31,126.16,193.92,9.57,215.15,95.8,80.26,82.81
111.0,111.0,96.17,1.68,Animal 1_2hrs_009,40.7,28.26,96.6,48.6,228.18,69.53,101.07,121.14
111.0,111.0,-43.15,-0.75,Animal 1_2hrs_009,46.84,147.76,146.62,79.41,33.44,103.15,99.03,25.34
75.0,111.0,103.47,1.81,Animal 1_2hrs_009,18.43,36.51,94.4,42.96,110.59,97.05,108.91,49.03
111.0,111.0,-61.13,-1.07,Animal 1_2hrs_012,30.63,152.18,146.0,68.01,149.19,91.08,112.31,77.48
111.0,111.0,48.02,0.84,Animal 1_2hrs_012,71.63,57.68,186.31,77.91,72.81,145.54,107.26,43.45
111.0,111.0,45.19,0.79,Animal 1_2hrs_012,0.66,46.35,182.54,4.16,331.15,133.25,96.22,130.29
111.0,111.0,176.42,3.08,Animal 1_2hrs_012,35.19,112.18,68.73,107.69,1.36,114.48,105.48,12.42
111.0,111.0,-31.62,-0.55,Animal 1_2hrs_014,53.01,185.48,170.75,84.64,133.97,133.54,86.39,90.19
111.0,111.0,-102.86,-1.8,Animal 1_2hrs_014,203.6,166.46,100.32,85.67,108.52,114.34,112.22,62.43
111.0,111.0,28.58,0.5,Animal 1_2hrs_014,0.77,57.8,194.09,3.75,120.49,109.09,99.96,44.51
111.0,111.0,33.25,0.58,Animal 1_2hrs_016,27.84,92.4,169.98,36.03,1.99,135.0,105.0,18.19
111.0,111.0,31.51,0.55,Animal 1_2hrs_016,8.68,90.13,96.15,18.37,284.3,101.57,77.48,119.62
111.0,111.0,11.17,0.19,Animal 1_2hrs_016,0.13,68.36,212.91,1.02,182.2,91.94,93.56,74.71
111.0,111.0,-45.36,-0.79,Animal 1_2hrs_016,58.34,159.83,136.42,83.93,102.64,119.96,97.05,91.25
111.0,111.0,-116.88,-2.04,Animal 1_2hrs_017,46.76,182.31,66.86,44.12,155.57,123.71,96.56,62.64
111.0,111.0,115.61,2.02,Animal 1_2hrs_017,30.17,62.37,88.12,51.81,111.72,110.56,111.22,43.7
111.0,111.0,22.54,0.39,Animal 1_2hrs_017,39.8,47.57,164.58,71.94,130.16,78.47,90.14,53.87
111.0,111.0,-102.99,-1.8,Animal 1_2hrs_017,54.62,174.65,90.69,65.5,127.03,107.74,106.13,45.87
111.0,111.0,-77.66,-1.36,Animal 1_2hrs_018,70.43,184.33,118.28,94.25,241.61,114.81,103.07,79.49
111.0,111.0,-30.66,-0.54,Animal 1_2hrs_018,41.76,132.44,171.3,91.42,121.87,93.1,104.94,51.11
111.0,111.0,-22.86,-0.4,Animal 1_2hrs_018,56.05,136.74,195.31,47.01,206.01,101.7,112.2,59.64
111.0,111.0,29.12,0.51,Animal 1_2hrs_019,47.01,72.06,188.4,73.42,154.52,111.77,117.12,57.47
111.0,111.0,56.8,0.99,Animal 1_2hrs_019,55.33,32.93,159.93,70.37,195.65,108.52,110.48,64.62
111.0,111.0,78.2,1.36,Animal 1_2hrs_019,122.87,43.99,117.38,128.81,114.28,131.9,99.03,44.99
81.0,111.0,8.96,0.16,Animal 1_2hrs_019,54.34,86.78,181.4,106.13,151.48,98.52,106.91,63.07
111.0,111.0,39.82,0.69,Animal 1_2hrs_020,0.98,50.49,180.75,4.06,179.91,116.75,101.27,71.26
111.0,111.0,-9.19,-0.16,Animal 1_2hrs_020,0.13,127.09,205.36,1.02,183.59,110.38,102.01,60.6
111.0,111.0,0.66,0.01,Animal 1_2hrs_020,96.47,79.85,163.31,170.01,243.52,80.19,134.0,73.2
111.0,111.0,21.47,0.37,Animal 1_2hrs_020,68.15,87.41,156.14,42.4,55.54,108.69,102.04,41.62
111.0,111.0,-44.78,-0.78,Animal 1_2hrs_020,38.65,157.39,113.34,53.54,48.15,118.57,74.21,29.75
111.0,111.0,17.55,0.31,Animal 1_2hrs_021,0.72,96.98,219.74,4.59,347.53,136.46,94.91,95.68
111.0,111.0,20.08,0.35,Animal 1_2hrs_021,175.26,92.04,108.09,181.53,112.56,96.56,95.72,60.74
111.0,111.0,33.82,0.59,Animal 1_2hrs_022,25.35,27.13,170.51,53.04,178.94,93.68,71.16,106.07
111.0,111.0,19.42,0.34,Animal 1_2hrs_022,52.55,130.45,144.82,94.64,131.14,142.36,111.02,48.65
111.0,111.0,7.75,0.14,Animal 1_2hrs_022,3.67,101.77,195.91,10.55,173.25,112.57,116.59,52.04
111.0,111.0,43.45,0.76,Animal 1_2hrs_024,35.38,66.8,151.14,53.69,129.67,112.15,103.27,46.36
111.0,111.0,-2.18,-0.04,Animal 1_2hrs_024,47.11,71.03,159.79,86.01,135.0,68.7,98.63,62.99
111.0,111.0,-36.35,-0.63,Animal 1_2hrs_024,39.62,162.84,173.02,45.6,220.93,113.29,105.7,75.31
111.0,111.0,29.92,0.52,Animal 1_2hrs_024,8.22,88.73,211.56,39.45,126.38,134.75,131.6,75.27
111.0,111.0,-111.91,-1.95,Animal 1_2hrs_025,63.65,175.87,106.09,56.21,45.89,118.19,129.29,43.99
111.0,111.0,-7.12,-0.12,Animal 1_2hrs_025,0.61,132.15,98.6,4.83,187.44,128.27,67.51,62.77
111.0,111.0,29.66,0.52,Animal 1_2hrs_026,17.15,69.83,168.36,44.8,121.45,101.69,112.41,44.7
111.0,111.0,67.55,1.18,Animal 1_2hrs_026,29.51,19.48,140.3,38.18,109.27,117.31,99.88,43.54
111.0,111.0,-20.69,-0.36,Animal 1_2hrs_026,0.42,114.22,193.28,2.3,166.88,84.14,113.6,65.78
111.0,111.0,17.43,0.3,Animal 1_2hrs_026,12.64,61.14,172.11,36.75,172.04,82.04,105.54,56.02
111.0,111.0,37.67,0.66,Animal 1_2hrs_027,0.26,54.09,180.91,1.54,123.66,117.26,99.1,49.63
111.0,111.0,15.8,0.28,Animal 1_2hrs_027,25.59,117.04,140.93,72.97,135.1,129.18,98.01,46.96
111.0,111.0,1.22,0.02,Animal 1_2hrs_027,0.12,113.8,152.5,0.95,207.84,114.9,100.86,70.94
111.0,111.0,25.55,0.45,Animal 1_2hrs_028,76.47,83.71,161.42,140.18,118.06,105.56,115.72,68.06
111.0,111.0,-162.84,-2.84,Animal 1_2hrs_028,23.2,120.3,67.94,43.65,155.03,103.55,122.22,70.69
111.0,111.0,31.51,0.55,Animal 1_2hrs_028,86.98,88.38,145.66,71.26,85.32,111.2,108.44,45.55
111.0,111.0,1.48,0.03,Animal 1_2hrs_030,79.49,96.95,162.68,85.77,114.68,97.54,139.95,63.76
111.0,111.0,-20.15,-0.35,Animal 1_2hrs_030,50.93,144.77,164.35,97.11,166.97,133.3,133.08,75.03
111.0,111.0,-52.66,-0.92,Animal 1_2hrs_030,0.4,203.29,175.65,2.43,120.66,118.35,110.85,62.28
111.0,111.0,-29.0,-0.51,Animal 1_2hrs_030,29.7,123.79,137.54,52.94,82.66,103.23,100.44,37.44
111.0,111.0,-100.64,-1.76,Animal 1_2hrs_032,93.85,182.68,95.23,86.0,268.6,116.54,107.66,90.47
111.0,111.0,20.45,0.36,Animal 1_2hrs_032,38.09,57.59,187.73,39.1,117.57,84.19,116.37,53.22
111.0,111.0,27.31,0.48,Animal 1_2hrs_032,53.96,68.06,187.08,65.82,250.43,108.75,108.29,86.68
111.0,111.0,62.38,1.09,Animal 1_2hrs_033,63.48,37.93,158.76,128.2,174.69,115.02,118.43,55.98
111.0,111.0,-41.28,-0.72,Animal 1_2hrs_033,37.28,169.54,119.81,51.53,186.2,138.72,84.71,74.4
111.0,111.0,39.98,0.7,Animal 1_2hrs_033,75.2,30.25,170.99,39.25,159.55,86.77,103.57,69.39
111.0,111.0,50.98,0.89,Animal 1_2hrs_033,44.47,37.66,155.42,79.09,178.54,96.7,107.58,55.73
111.0,111.0,8.73,0.15,Animal 1_2hrs_034,0.26,105.27,133.77,1.95,204.15,112.42,87.22,73.67
111.0,111.0,21.61,0.38,Animal 1_2hrs_034,89.11,63.75,169.25,56.29,112.85,90.44,101.88,57.99
111.0,111.0,11.45,0.2,Animal 1_2hrs_035,0.51,90.23,183.82,2.61,259.31,106.51,103.45,91.53
111.0,111.0,-29.98,-0.52,Animal 1_2hrs_035,0.28,164.42,215.08,1.95,44.67,93.47,92.1,37.91
111.0,111.0,24.85,0.43,Animal 1_2hrs_035,37.36,73.35,179.8,70.57,132.55,108.07,104.84,59.6
111.0,111.0,62.18,1.09,Animal 1_2hrs_036,66.43,35.65,153.27,91.42,285.79,99.85,119.4,105.05
111.0,111.0,58.33,1.02,Animal 1_2hrs_036,70.45,38.96,131.16,126.56,348.88,102.89,91.72,104.31
111.0,111.0,35.22,0.61,Animal 1_2hrs_038,103.59,74.61,170.54,83.12,170.55,114.74,113.68,93.27
111.0,111.0,-100.06,-1.75,Animal 1_2hrs_038,60.68,199.63,109.11,89.25,343.29,137.0,120.22,98.3
111.0,111.0,21.99,0.38,Animal 1_2hrs_039,0.21,78.28,163.17,1.58,153.56,100.72,107.6,60.53
111.0,111.0,-32.88,-0.57,Animal 1_2hrs_039,10.53,158.16,205.08,25.73,181.89,91.31,101.66,63.94
111.0,111.0,62.3,1.09,Animal 1_2hrs_039,9.65,72.4,154.38,31.15,137.12,90.87,144.68,76.4
111.0,111.0,-39.89,-0.7,Animal 1_2hrs_039,47.92,153.71,155.05,50.95,29.8,121.18,116.12,25.78
111.0,111.0,129.35,2.26,Animal 1_2hrs_040,79.29,76.67,89.89,138.99,214.78,111.18,118.18,72.71
111.0,111.0,-33.93,-0.59,Animal 1_2hrs_040,49.81,157.65,194.48,85.9,355.94,95.36,101.9,98.25
111.0,111.0,57.18,1.0,Animal 1_2hrs_041,45.54,25.29,141.74,87.2,297.9,88.91,100.7,100.77
111.0,111.0,-44.31,-0.77,Animal 1_2hrs_041,41.05,178.51,153.36,77.97,137.73,127.07,100.67,48.83
111.0,111.0,1.43,0.03,Animal 1_2hrs_041,28.37,103.05,168.45,82.44,118.62,104.75,100.68,50.63
111.0,111.0,-82.89,-1.45,Animal 1_2hrs_041,27.69,178.1,111.49,32.59,133.51,105.67,102.45,48.3
111.0,111.0,37.74,0.66,Animal 1_2hrs_042,37.42,89.05,154.26,56.65,114.42,123.46,109.8,43.88
111.0,111.0,34.23,0.6,Animal 1_2hrs_042,139.8,115.14,142.96,240.7,43.26,127.9,124.21,30.87
111.0,111.0,65.27,1.14,Animal 1_2hrs_042,4.97,61.52,151.26,21.93,134.45,156.84,107.35,66.86
111.0,111.0,29.18,0.51,Animal 1_2hrs_043,0.76,74.15,178.17,3.36,158.46,111.68,110.97,52.72
111.0,111.0,3.21,0.06,Animal 1_2hrs_043,74.72,132.89,156.33,159.98,21.84,135.06,117.62,27.15
111.0,111.0,75.91,1.32,Animal 1_2hrs_043,38.97,34.33,131.13,92.55,169.96,91.46,116.79,65.11
111.0,111.0,4.09,0.07,Animal 1_2hrs_044,0.45,98.62,187.23,2.28,182.16,103.83,114.34,68.71
111.0,111.0,-53.08,-0.93,Animal 1_2hrs_044,0.14,155.58,127.25,1.11,4.62,143.22,117.96,9.46
111.0,111.0,18.21,0.32,Animal 1_2hrs_044,14.25,75.16,189.67,33.49,172.53,101.78,108.77,59.8
111.0,111.0,-5.51,-0.1,Animal 1_2hrs_045,0.19,116.19,183.5,1.32,368.13,106.14,79.34,101.94
111.0,111.0,27.79,0.49,Animal 1_2hrs_045,0.37,82.94,173.19,3.21,113.81,116.56,109.39,42.21
111.0,111.0,92.14,1.61,Animal 1_2hrs_045,30.29,61.19,122.01,35.61,133.11,116.56,124.08,51.12
111.0,111.0,104.31,1.82,Animal 1_2hrs_046,31.14,41.12,99.03,44.27,191.56,114.24,117.68,96.26
111.0,111.0,43.53,0.76,Animal 1_2hrs_046,1.95,16.32,217.26,6.0,7.28,108.58,120.16,10.2
111.0,111.0,31.67,0.55,Animal 1_2hrs_046,4.25,7.76,207.74,10.45,207.12,71.01,105.21,85.34
111.0,111.0,25.29,0.44,Animal 1_2hrs_049,33.49,72.97,182.75,45.32,125.94,106.07,112.71,50.67
111.0,111.0,-15.37,-0.27,Animal 1_2hrs_049,33.6,109.08,171.54,101.31,134.67,92.55,111.43,56.85
111.0,111.0,24.4,0.43,Animal 1_2hrs_049,13.69,63.49,184.1,15.42,117.69,98.32,107.31,54.59
111.0,111.0,5.71,0.1,Animal 1_2hrs_049,0.35,99.4,208.77,2.06,92.69,108.91,113.59,46.71
111.0,111.0,13.84,0.24,Animal 1_2hrs_049,62.45,65.34,178.96,111.37,240.42,84.76,100.12,97.72
111.0,111.0,-59.87,-1.04,Animal 1_2hrs_050,0.42,195.64,166.94,3.32,72.25,122.4,124.44,38.45
111.0,111.0,45.1,0.79,Animal 1_2hrs_050,31.94,71.9,147.32,41.36,145.24,112.33,107.02,57.15
111.0,111.0,39.43,0.69,Animal 1_2hrs_050,1.31,59.98,176.96,4.08,2.19,128.0,94.25,20.05
111.0,111.0,-162.41,-2.83,Animal 1_2hrs_050,97.72,131.01,40.48,66.69,30.22,114.51,92.51,34.02
111.0,111.0,-62.45,-1.09,Animal 1_2hrs_050,160.44,154.31,170.42,136.55,108.39,76.08,129.6,62.91
111.0,111.0,-15.17,-0.26,Animal 1_2hrs_051,0.12,165.0,182.5,0.95,205.64,137.2,79.97,62.53
111.0,111.0,-153.16,-2.67,Animal 1_2hrs_051,55.54,138.69,45.56,47.29,157.2,108.18,105.85,72.01
111.0,111.0,14.1,0.25,Animal 1_2hrs_052,48.49,65.5,190.98,85.33,345.46,81.36,127.87,110.17
111.0,111.0,59.17,1.03,Animal 1_2hrs_052,48.73,19.33,159.61,58.73,318.42,111.08,104.86,110.99
111.0,111.0,48.77,0.85,Animal 1_2hrs_052,47.23,75.5,156.69,64.75,123.55,127.97,110.71,47.89
111.0,111.0,0.93,0.02,Animal 1_2hrs_053,64.54,139.28,190.44,79.64,193.73,140.76,99.03,81.88
111.0,111.0,-60.45,-1.06,Animal 1_2hrs_053,0.15,193.08,187.92,1.17,96.74,110.3,140.99,49.29
111.0,111.0,-71.9,-1.25,Animal 1_2hrs_053,42.73,168.54,148.21,62.94,247.85,85.71,121.14,69.66
111.0,111.0,16.61,0.29,Animal 1_2hrs_053,1.27,100.91,201.42,4.02,247.63,130.76,101.35,99.87
82.0,111.0,39.58,0.69,Animal 1_2hrs_053,24.73,54.47,153.6,81.49,224.75,85.96,115.5,106.46
111.0,111.0,-64.4,-1.12,Animal 1_2hrs_054,76.56,164.04,189.33,66.03,209.28,71.49,144.98,80.58
111.0,111.0,44.29,0.77,Animal 1_2hrs_054,0.64,45.18,190.75,3.9,137.57,116.74,117.41,55.26
111.0,111.0,-124.18,-2.17,Animal 1_2hrs_054,24.38,159.88,62.56,61.63,138.72,98.14,104.49,49.11
111.0,111.0,-5.27,-0.09,Animal 1_2hrs_054,15.2,110.36,183.27,67.67,114.98,102.6,99.09,54.88
111.0,111.0,73.93,1.29,Animal 1_2hrs_055,68.44,27.94,121.94,95.19,217.6,107.63,98.98,75.14
111.0,111.0,58.24,1.02,Animal 1_2hrs_055,37.15,41.0,158.69,76.75,127.53,107.03,117.82,69.06
111.0,111.0,52.65,0.92,Animal 1_2hrs_055,6.59,53.68,158.0,13.22,214.17,142.62,90.14,67.02
111.0,111.0,79.89,1.39,Animal 1_2hrs_055,28.1,51.23,147.42,63.89,199.59,142.5,131.15,99.36
111.0,111.0,76.26,1.33,Animal 1_2hrs_056,77.68,44.43,118.01,70.7,152.3,107.09,102.68,60.47
111.0,111.0,-87.19,-1.52,Animal 1_2hrs_056,0.15,216.15,112.77,0.95,151.96,116.27,107.86,57.39
111.0,111.0,7.89,0.14,Animal 1_2hrs_056,1.15,127.95,215.91,8.47,1.35,140.35,126.43,4.86
111.0,111.0,56.59,0.99,Animal 1_2hrs_057,107.86,42.97,168.73,60.76,211.74,110.03,124.49,66.46
111.0,111.0,-50.4,-0.88,Animal 1_2hrs_057,32.95,143.77,170.47,41.15,238.05,87.47,123.9,70.24
111.0,111.0,85.64,1.49,Animal 1_2hrs_057,101.08,49.16,124.6,135.01,205.4,100.91,120.65,87.07
111.0,111.0,-21.26,-0.37,Animal 1_2hrs_058,86.93,106.14,180.79,81.97,115.7,75.98,103.27,63.71
111.0,111.0,-39.94,-0.7,Animal 1_2hrs_058,0.48,192.51,199.93,2.43,147.06,114.97,107.31,66.3
111.0,111.0,-123.9,-2.16,Animal 1_2hrs_058,35.79,131.51,58.07,77.94,162.5,93.69,83.48,59.36
111.0,111.0,33.32,0.58,Animal 1_2hrs_058,0.59,63.9,176.84,4.12,248.51,108.48,109.03,75.25
111.0,111.0,175.01,3.05,Animal 1_2hrs_059,38.42,88.18,38.36,53.21,126.22,93.93,104.25,57.8
111.0,111.0,-78.75,-1.37,Animal 1_2hrs_059,85.7,188.11,125.88,116.82,184.89,110.14,110.37,55.39
111.0,111.0,29.74,0.52,Animal 1_2hrs_059,25.38,91.71,159.36,45.94,123.58,127.47,96.77,55.97
111.0,111.0,-2.44,-0.04,Animal 1_2hrs_059,1.14,140.14,218.71,5.63,343.24,135.51,109.73,97.39
111.0,111.0,-56.57,-0.99,Animal 1_2hrs_059,21.84,152.07,138.24,49.95,119.98,102.94,105.81,48.02
111.0,111.0,-66.73,-1.16,Animal 1_2hrs_059,41.36,197.1,177.85,60.26,80.22,135.15,151.21,56.76
111.0,111.0,0.22,0.0,Animal 1_2hrs_060,0.64,109.75,202.62,3.17,100.99,110.14,100.43,40.33
111.0,111.0,66.4,1.16,Animal 1_2hrs_060,27.42,48.06,138.53,55.46,115.33,112.63,110.33,44.52
111.0,111.0,-34.32,-0.6,Animal 1_2hrs_060,27.05,155.8,169.55,48.29,113.28,124.05,123.04,42.3
111.0,111.0,-74.05,-1.29,Animal 1_2hrs_060,27.57,184.24,113.72,36.52,156.2,112.55,93.23,57.96
111.0,111.0,68.43,1.19,Animal 1_2hrs_060,40.74,55.68,149.96,62.72,72.98,107.6,129.43,41.18
111.0,111.0,65.13,1.14,Animal 1_2hrs_061,83.72,50.02,133.02,122.11,189.61,117.83,101.58,79.89
111.0,111.0,18.05,0.32,Animal 1_2hrs_061,50.97,68.42,175.71,81.19,200.64,90.75,107.19,85.5
111.0,111.0,-74.05,-1.29,Animal 1_2hrs_061,24.49,189.06,123.25,41.17,112.84,114.57,101.97,69.02
100.0,111.0,144.03,2.51,Animal 1_2hrs_061,127.13,51.25,65.63,76.56,84.53,101.62,135.04,53.08
111.0,111.0,-62.27,-1.09,Animal 1_2hrs_062,0.61,179.67,138.4,3.58,124.9,116.05,104.95,52.02
111.0,111.0,-154.33,-2.69,Animal 1_2hrs_062,105.24,133.46,29.89,114.75,261.53,103.53,92.15,103.13
111.0,111.0,-44.74,-0.78,Animal 1_2hrs_062,49.83,168.79,173.72,68.26,143.36,113.6,118.03,49.47
111.0,111.0,79.06,1.38,Animal 1_2hrs_063,86.12,45.41,139.91,105.1,121.18,104.45,128.5,60.52
111.0,111.0,17.34,0.3,Animal 1_2hrs_063,47.06,66.13,175.47,59.1,200.53,88.39,104.17,80.9
111.0,111.0,-74.96,-1.31,Animal 1_2hrs_063,29.78,180.79,106.68,32.04,115.11,104.66,86.22,65.34
111.0,111.0,-20.99,-0.37,Animal 1_2hrs_064,8.32,146.37,192.84,37.26,0.68,110.31,98.86,2.8
111.0,111.0,7.94,0.14,Animal 1_2hrs_064,0.29,115.68,178.48,2.28,200.11,131.5,65.1,80.74
111.0,111.0,22.14,0.39,Animal 1_2hrs_064,43.16,96.69,163.26,49.0,110.05,119.49,107.23,44.94
111.0,111.0,37.27,0.65,Animal 1_2hrs_064,0.54,33.28,217.33,2.76,124.28,117.67,106.44,46.89
111.0,111.0,-44.29,-0.77,Animal 1_2hrs_065,26.48,194.49,198.94,32.64,331.23,121.31,123.92,86.06
111.0,111.0,-31.75,-0.55,Animal 1_2hrs_065,57.77,185.37,178.54,79.66,329.22,127.65,85.25,124.32
111.0,111.0,-3.0,-0.05,Animal 1_2hrs_065,32.64,114.37,165.48,46.95,114.6,111.24,105.84,41.49
111.0,111.0,52.03,0.91,Animal 1_4hrs_047,35.18,43.3,184.52,70.92,367.18,128.65,117.91,103.81
111.0,111.0,21.44,0.37,Animal 1_4hrs_047,0.12,83.1,220.3,0.98,183.43,138.4,79.51,67.09
111.0,111.0,94.99,1.66,Animal 1_4hrs_047,46.27,40.67,132.14,99.07,250.74,118.07,138.9,93.59
111.0,111.0,-43.77,-0.76,Animal 1_4hrs_048,43.33,145.08,173.01,58.11,60.14,80.74,105.85,31.4
111.0,111.0,32.85,0.57,Animal 1_4hrs_048,32.6,76.1,162.89,79.88,118.62,109.65,110.93,54.17
111.0,111.0,10.72,0.19,Animal 1_4hrs_048,19.5,94.9,189.03,41.01,137.26,111.01,103.91,45.75
111.0,111.0,-11.47,-0.2,Animal 1_4hrs_049,58.51,122.44,193.05,86.72,300.86,105.78,110.92,82.68
111.0,111.0,36.15,0.63,Animal 1_4hrs_050,0.59,28.57,217.88,2.73,62.47,109.33,107.33,42.92
111.0,111.0,-2.16,-0.04,Animal 1_4hrs_050,90.84,76.07,172.96,74.55,116.79,73.27,98.59,75.96
111.0,111.0,11.02,0.19,Animal 1_4hrs_050,38.07,100.59,185.31,61.4,196.98,116.14,105.44,64.66
111.0,111.0,79.49,1.39,Animal 1_4hrs_050,36.25,20.19,117.62,70.13,127.08,84.67,105.66,56.55
111.0,111.0,13.13,0.23,Animal 1_4hrs_051,53.49,90.92,188.21,66.83,203.12,111.01,102.07,71.38
111.0,111.0,-7.81,-0.14,Animal 1_4hrs_051,61.69,130.98,199.38,72.09,261.36,120.91,125.96,92.27
111.0,111.0,41.82,0.73,Animal 1_4hrs_051,33.07,39.24,170.96,60.6,70.79,105.95,96.38,37.98
111.0,111.0,-19.57,-0.34,Animal 1_4hrs_051,1.25,163.93,215.27,5.9,293.96,130.07,120.0,77.42
111.0,111.0,-2.85,-0.05,Animal 1_4hrs_052,91.71,134.36,188.29,50.41,12.9,129.36,88.0,18.59
111.0,111.0,-35.8,-0.62,Animal 1_4hrs_052,37.95,146.28,171.54,65.6,188.27,104.83,114.07,62.08
111.0,111.0,-25.91,-0.45,Animal 1_4hrs_052,24.91,166.44,209.45,51.65,11.5,126.64,127.51,13.96
111.0,111.0,-46.81,-0.82,Animal 1_4hrs_054,79.95,154.36,104.34,125.62,331.18,132.07,83.42,75.66
111.0,111.0,12.51,0.22,Animal 1_4hrs_054,55.6,89.3,171.77,100.95,159.93,106.41,94.7,50.61
111.0,111.0,-24.75,-0.43,Animal 1_4hrs_054,0.13,134.45,204.36,1.04,165.86,93.24,114.99,52.32
111.0,111.0,30.47,0.53,Animal 1_4hrs_054,25.47,75.03,164.68,25.83,121.12,105.19,113.41,46.69
111.0,111.0,36.44,0.64,Animal 1_4hrs_055,0.54,15.04,220.61,4.73,364.15,99.61,106.08,143.27
111.0,111.0,-8.02,-0.14,Animal 1_4hrs_056,1.35,121.49,216.81,4.12,162.65,105.64,104.26,53.35
111.0,111.0,23.56,0.41,Animal 1_4hrs_056,40.15,59.25,198.88,88.78,306.03,96.6,113.21,81.63
111.0,111.0,48.06,0.84,Animal 1_4hrs_056,108.52,79.69,172.84,146.87,166.28,115.35,140.8,101.05
111.0,111.0,110.43,1.93,Animal 1_4hrs_056,46.68,51.58,91.74,68.74,137.5,103.49,111.08,46.03
111.0,111.0,34.11,0.6,Animal 1_4hrs_057,72.15,69.44,160.07,108.85,203.15,105.41,106.97,72.57
111.0,111.0,14.94,0.26,Animal 1_4hrs_057,79.19,90.55,191.51,128.78,233.89,109.66,119.87,74.78
111.0,111.0,-47.68,-0.83,Animal 1_4hrs_057,21.44,160.63,169.43,50.05,114.34,103.58,117.48,43.26
111.0,111.0,-27.2,-0.47,Animal 1_4hrs_057,47.02,148.27,179.36,43.3,105.63,121.96,128.15,43.4
111.0,111.0,-117.69,-2.05,Animal 1_4hrs_058,71.71,185.07,54.19,116.5,119.05,96.75,100.54,72.24
111.0,111.0,-74.41,-1.3,Animal 1_4hrs_058,0.13,156.82,118.45,1.04,232.22,91.42,100.2,96.63
111.0,111.0,47.94,0.84,Animal 1_4hrs_058,88.42,47.93,143.13,90.71,117.02,102.52,93.86,67.13
111.0,111.0,-53.06,-0.93,Animal 1_4hrs_059,3.53,160.68,107.2,18.55,166.0,116.47,73.96,70.38
111.0,111.0,-26.57,-0.46,Animal 1_4hrs_059,101.93,145.67,178.82,70.24,221.13,114.06,115.62,91.0
111.0,111.0,-40.56,-0.71,Animal 1_4hrs_059,0.3,176.46,196.38,1.84,137.74,95.81,102.15,51.09
111.0,111.0,-6.53,-0.11,Animal 1_4hrs_059,0.12,123.7,191.7,0.98,125.29,114.23,108.95,45.73
111.0,111.0,-57.82,-1.01,Animal 1_4hrs_060,50.1,165.61,185.94,80.16,155.74,85.81,135.72,53.67
111.0,111.0,28.72,0.5,Animal 1_4hrs_060,54.17,109.83,164.58,37.8,90.24,138.66,111.95,39.55
111.0,111.0,-17.45,-0.3,Animal 1_4hrs_060,30.66,126.53,166.46,80.98,127.95,110.32,114.88,47.77
111.0,111.0,-16.89,-0.29,Animal 1_4hrs_061,0.42,131.33,160.78,2.15,104.46,116.46,111.81,41.97
111.0,111.0,12.33,0.22,Animal 1_4hrs_061,72.9,106.69,158.21,100.68,4.53,119.01,101.88,21.41
111.0,111.0,-39.68,-0.69,Animal 1_4hrs_061,56.43,133.9,188.05,97.91,143.32,83.01,126.69,64.4
111.0,111.0,-87.82,-1.53,Animal 1_4hrs_062,39.98,192.15,107.7,35.4,67.41,108.01,104.49,33.19
111.0,111.0,-56.02,-0.98,Animal 1_4hrs_062,30.65,183.44,139.75,42.87,148.06,120.67,97.45,60.14
111.0,111.0,-126.42,-2.21,Animal 1_4hrs_063,45.56,171.39,52.32,58.91,162.34,112.77,95.56,55.33
111.0,111.0,-113.82,-1.99,Animal 1_4hrs_063,33.02,185.47,71.21,52.25,165.37,111.26,103.98,61.27
111.0,111.0,-50.62,-0.88,Animal 1_4hrs_063,4.21,206.6,198.83,9.97,247.07,122.55,129.83,87.79
111.0,111.0,15.01,0.26,Animal 1_4hrs_064,41.71,84.91,189.29,71.31,117.36,104.48,116.32,45.26
111.0,111.0,-10.03,-0.18,Animal 1_4hrs_064,36.99,126.77,187.92,70.22,163.37,111.61,102.24,61.05
111.0,111.0,-51.19,-0.89,Animal 1_4hrs_064,37.71,186.75,182.38,48.57,120.14,134.45,140.31,54.27
111.0,111.0,-18.92,-0.33,Animal 1_4hrs_064,47.11,116.97,178.97,83.69,115.88,92.88,108.68,43.45
111.0,111.0,-89.93,-1.57,Animal 1_4hrs_065,64.14,178.75,94.86,77.31,75.96,80.1,94.73,38.81
111.0,111.0,57.23,1.0,Animal 1_4hrs_065,97.2,55.63,170.18,120.1,161.99,110.94,134.57,67.28
111.0,111.0,36.1,0.63,Animal 1_4hrs_065,50.97,62.53,159.54,68.52,102.23,101.91,105.53,50.6
111.0,111.0,70.56,1.23,Animal 1_4hrs_065,1.13,21.05,121.48,4.88,114.03,86.11,98.52,50.44
111.0,111.0,-24.4,-0.43,Animal 1_4hrs_066,29.04,108.45,176.01,52.25,61.95,82.42,118.62,32.89
111.0,111.0,-33.27,-0.58,Animal 1_4hrs_066,80.57,140.23,154.68,131.55,119.17,104.5,100.23,51.28
111.0,111.0,-41.03,-0.72,Animal 1_4hrs_066,56.22,161.84,165.36,69.02,116.4,118.49,115.54,52.3
111.0,111.0,34.95,0.61,Animal 1_4hrs_067,47.36,60.48,157.31,50.64,171.89,94.71,108.32,53.7
111.0,111.0,-51.69,-0.9,Animal 1_4hrs_067,59.87,178.77,157.68,78.44,203.86,116.77,108.7,60.83
111.0,111.0,-18.74,-0.33,Animal 1_4hrs_067,48.16,107.2,176.99,69.07,93.07,84.61,110.38,42.92
111.0,111.0,-93.22,-1.63,Animal 1_4hrs_067,73.2,189.32,154.59,82.14,146.87,101.49,159.54,61.76
111.0,111.0,123.56,2.16,Animal 1_4hrs_068,40.46,47.27,106.76,54.8,82.44,109.81,148.25,50.22
111.0,111.0,-24.16,-0.42,Animal 1_4hrs_068,39.06,143.13,147.05,49.88,95.66,121.72,99.32,38.9
111.0,111.0,30.3,0.53,Animal 1_4hrs_068,27.29,94.7,170.31,29.1,51.18,128.12,113.13,28.63
111.0,111.0,160.82,2.81,Animal 1_4hrs_069,144.27,79.15,78.24,192.1,16.87,95.54,125.36,25.25
111.0,111.0,-29.47,-0.51,Animal 1_4hrs_069,0.14,201.25,207.5,1.0,155.29,137.91,95.39,56.41
111.0,111.0,55.07,0.96,Animal 1_4hrs_069,85.81,41.91,137.9,63.93,191.45,106.36,92.89,59.0
111.0,111.0,133.4,2.33,Animal 1_4hrs_069,48.11,59.32,75.6,34.12,61.66,114.66,127.94,33.54
111.0,111.0,71.72,1.25,Animal 1_4hrs_070,0.33,44.64,146.71,2.64,189.38,110.13,125.08,70.85
111.0,111.0,40.97,0.72,Animal 1_4hrs_070,31.06,62.69,184.57,63.72,151.03,114.13,125.33,64.35
111.0,111.0,53.77,0.94,Animal 1_4hrs_070,32.41,67.58,134.36,45.51,88.88,117.13,98.05,46.28
111.0,111.0,15.19,0.27,Animal 1_4hrs_071,37.28,76.52,201.03,45.1,204.9,104.75,97.0,57.31
111.0,111.0,-32.08,-0.56,Animal 1_4hrs_072,79.96,173.31,178.38,96.99,278.52,130.49,110.06,112.58
111.0,111.0,-58.17,-1.02,Animal 1_4hrs_072,25.58,155.52,114.53,61.22,90.14,117.02,90.64,37.25
111.0,111.0,41.94,0.73,Animal 1_4hrs_072,0.12,58.0,160.9,0.8,152.76,113.18,99.5,51.08
111.0,111.0,7.03,0.12,Animal 1_4hrs_072,44.81,108.88,174.83,69.92,143.26,117.51,104.84,49.51
111.0,111.0,-21.5,-0.38,Animal 1_4hrs_072,37.5,112.46,153.3,35.21,105.44,86.32,86.93,41.53
111.0,111.0,53.79,0.94,Animal 1_4hrs_073,51.34,46.63,143.51,69.03,119.43,106.29,99.83,47.71
111.0,111.0,-81.66,-1.43,Animal 1_4hrs_073,76.98,191.48,166.81,52.2,150.55,112.42,155.22,70.14
111.0,111.0,-41.43,-0.72,Animal 1_4hrs_073,100.53,167.53,169.29,123.65,272.58,111.05,105.29,120.2
111.0,111.0,37.46,0.65,Animal 1_4hrs_074,50.56,65.94,183.17,62.67,226.26,117.36,116.05,69.91
111.0,111.0,15.94,0.28,Animal 1_4hrs_074,42.08,84.26,182.99,85.31,249.36,108.09,99.51,99.88
111.0,111.0,-28.98,-0.51,Animal 1_4hrs_074,44.35,148.9,165.78,54.9,0.05,119.25,112.25,0.35
111.0,111.0,63.21,1.1,Animal 1_4hrs_075,57.49,33.79,127.26,67.9,80.38,79.83,104.01,37.37
111.0,111.0,4.08,0.07,Animal 1_4hrs_075,23.86,108.64,161.38,48.61,163.38,114.88,73.92,62.41
111.0,111.0,53.2,0.93,Animal 1_4hrs_075,81.15,44.2,154.96,79.2,177.54,105.58,109.04,61.6
111.0,111.0,21.42,0.37,Animal 1_4hrs_076,59.94,96.46,192.38,54.43,1.4,122.5,126.0,12.74
111.0,111.0,1.49,0.03,Animal 1_4hrs_076,59.61,74.68,184.48,146.01,124.79,76.88,99.82,53.74
111.0,111.0,-0.58,-0.01,Animal 1_4hrs_076,70.23,119.29,183.14,91.03,217.55,118.41,95.76,72.33
111.0,111.0,-8.41,-0.15,Animal 1_4hrs_076,0.8,110.07,166.62,3.67,74.66,104.17,126.68,34.71
111.0,111.0,33.89,0.59,Animal 1_4hrs_077,27.68,54.9,150.02,67.73,82.62,83.24,107.83,38.0
111.0,111.0,42.79,0.75,Animal 1_4hrs_077,75.35,64.37,171.9,73.73,35.38,113.76,118.55,26.72
111.0,111.0,-12.19,-0.21,Animal 1_4hrs_077,49.34,128.95,181.54,101.55,136.48,113.82,111.51,51.47
111.0,111.0,18.86,0.33,Animal 1_4hrs_078,57.49,61.92,200.93,57.13,278.62,92.58,111.17,107.1
111.0,111.0,-3.89,-0.07,Animal 1_4hrs_078,28.27,103.25,201.99,50.99,243.44,97.44,116.48,65.19
111.0,111.0,-49.48,-0.86,Animal 1_4hrs_078,1.28,191.39,173.77,6.44,353.24,113.33,107.07,106.12
111.0,111.0,79.48,1.39,Animal 1_4hrs_079,36.43,39.54,129.34,53.61,140.38,105.71,117.06,52.09
111.0,111.0,3.74,0.07,Animal 1_4hrs_079,61.13,106.25,192.92,111.84,280.99,111.55,111.83,72.18
111.0,111.0,61.68,1.08,Animal 1_4hrs_081,38.62,56.94,139.78,48.22,136.13,115.56,108.19,46.8
111.0,111.0,-12.31,-0.21,Animal 1_4hrs_081,51.37,129.37,191.94,43.04,193.88,112.3,113.74,55.68
111.0,111.0,-114.85,-2.0,Animal 1_4hrs_081,98.6,184.91,90.22,59.02,201.61,142.11,110.05,67.57
111.0,111.0,-51.15,-0.89,Animal 1_4hrs_082,52.92,188.08,169.92,89.31,237.02,123.43,117.85,81.11
111.0,111.0,32.08,0.56,Animal 1_4hrs_082,12.35,45.03,204.65,30.02,307.92,112.73,96.63,91.22
101.0,111.0,-14.59,-0.25,Animal 1_4hrs_083,47.5,108.63,173.52,78.38,220.69,90.83,105.14,69.66
111.0,111.0,42.21,0.74,Animal 1_4hrs_083,30.12,51.46,168.4,83.79,206.52,103.61,110.9,61.53
111.0,111.0,-15.96,-0.28,Animal 1_4hrs_083,54.06,109.9,179.68,65.55,66.04,90.31,111.19,35.38
111.0,111.0,33.59,0.59,Animal 1_4hrs_083,35.67,46.1,193.91,38.12,211.38,91.4,125.7,69.18
111.0,111.0,2.54,0.04,Animal 1_4hrs_084,7.37,79.49,147.26,19.16,70.15,82.19,86.3,39.11
111.0,111.0,10.09,0.18,Animal 1_4hrs_085,22.67,96.32,165.05,24.38,107.78,107.47,102.43,46.3
111.0,111.0,20.13,0.35,Animal 1_4hrs_085,119.07,114.27,150.93,119.61,262.36,121.86,130.21,79.7
111.0,111.0,-29.23,-0.51,Animal 1_4hrs_085,59.38,128.47,189.52,84.73,85.21,84.83,111.51,47.82
111.0,111.0,47.96,0.84,Animal 1_4hrs_085,56.56,56.35,165.73,72.05,212.4,111.67,115.84,86.08
111.0,111.0,15.8,0.28,Animal 1_4hrs_085,0.14,87.83,170.08,1.11,194.92,108.2,98.11,66.93
109.0,111.0,-43.68,-0.76,Animal 1_6hrs_001,72.54,160.91,156.84,142.06,300.02,114.21,107.94,88.39
111.0,111.0,-62.24,-1.09,Animal 1_6hrs_001,80.07,165.1,179.02,78.16,96.19,71.51,129.76,43.45
111.0,111.0,-61.16,-1.07,Animal 1_6hrs_002,65.64,158.72,182.51,108.97,131.83,75.56,136.73,56.13
111.0,111.0,-26.46,-0.46,Animal 1_6hrs_002,35.9,174.41,205.14,52.33,19.74,116.98,89.71,20.33
111.0,111.0,32.58,0.57,Animal 1_6hrs_003,3.45,16.83,215.03,7.44,3.97,102.79,80.52,9.81
111.0,111.0,-42.37,-0.74,Animal 1_6hrs_004,0.56,211.38,208.33,2.78,121.47,118.29,106.28,50.22
111.0,111.0,47.25,0.82,Animal 1_6hrs_004,62.93,30.76,177.85,56.87,323.9,94.78,118.66,88.62
111.0,111.0,14.86,0.26,Animal 1_6hrs_004,72.92,91.26,187.35,80.16,172.15,113.57,103.27,63.26
111.0,111.0,28.27,0.49,Animal 1_6hrs_006,51.47,61.3,186.54,85.29,252.14,110.6,94.85,117.15
111.0,111.0,-71.87,-1.25,Animal 1_6hrs_006,25.16,204.28,134.93,50.29,187.02,130.21,110.68,61.38
111.0,111.0,62.34,1.09,Animal 1_6hrs_006,74.53,36.45,150.18,70.61,263.77,111.98,110.59,73.95
111.0,111.0,21.55,0.38,Animal 1_6hrs_007,48.3,89.01,188.62,77.0,255.37,118.84,113.09,78.57
111.0,111.0,72.32,1.26,Animal 1_6hrs_007,101.59,64.05,131.61,207.3,3.9,117.43,114.6,9.08
111.0,111.0,12.21,0.21,Animal 1_6hrs_007,54.77,88.71,193.94,98.41,203.62,102.92,128.29,60.5
111.0,111.0,72.19,1.26,Animal 1_6hrs_008,30.64,34.13,137.67,76.7,140.9,105.92,114.6,58.73
111.0,111.0,-2.08,-0.04,Animal 1_6hrs_008,87.91,112.9,187.18,143.8,243.81,110.06,108.81,78.13
111.0,111.0,13.8,0.24,Animal 1_6hrs_008,0.14,113.08,180.92,1.08,219.24,129.86,112.61,104.37
111.0,111.0,29.7,0.52,Animal 1_6hrs_008,110.18,67.64,166.59,74.82,169.57,99.95,109.93,68.77
111.0,111.0,-40.82,-0.71,Animal 1_6hrs_009,7.7,202.58,212.94,16.22,9.12,97.84,91.68,12.15
111.0,111.0,-70.04,-1.22,Animal 1_6hrs_009,51.4,183.82,155.92,89.02,24.58,92.72,122.84,33.46
111.0,111.0,-45.02,-0.79,Animal 1_6hrs_010,40.44,177.17,186.29,81.42,214.41,102.25,111.43,73.54
111.0,111.0,39.09,0.68,Animal 1_6hrs_010,50.59,95.95,186.91,111.29,121.05,143.5,128.37,51.95
111.0,111.0,-40.42,-0.71,Animal 1_6hrs_010,74.94,164.55,167.82,99.52,169.13,114.02,108.49,52.75
108.0,111.0,17.82,0.31,Animal 1_6hrs_011,25.71,92.04,177.23,61.82,118.19,110.66,119.3,58.21
111.0,111.0,0.71,0.01,Animal 1_6hrs_011,46.6,89.68,177.68,59.76,116.55,90.69,95.29,55.02
111.0,111.0,-57.74,-1.01,Animal 1_6hrs_011,124.06,170.77,145.64,181.36,232.02,107.49,105.7,77.63
111.0,111.0,2.8,0.05,Animal 1_6hrs_011,0.24,99.95,209.67,1.6,112.5,103.83,130.46,44.66
111.0,111.0,-4.95,-0.09,Animal 1_6hrs_012,120.17,126.78,176.71,105.81,169.83,120.76,107.19,61.55
111.0,111.0,-37.23,-0.65,Animal 1_6hrs_012,57.38,128.33,168.44,50.32,56.65,97.13,127.38,55.4
111.0,111.0,-3.49,-0.06,Animal 1_6hrs_012,0.14,117.75,218.25,1.3,136.2,111.73,119.43,64.7
111.0,111.0,-17.6,-0.31,Animal 1_6hrs_012,44.79,105.38,195.59,45.23,59.58,81.32,119.76,32.8
111.0,111.0,-14.49,-0.25,Animal 1_6hrs_012,55.95,128.18,193.87,53.48,165.33,109.94,123.28,53.11
111.0,111.0,39.18,0.68,Animal 1_6hrs_013,0.19,57.81,189.44,1.6,121.73,115.1,119.13,43.62
111.0,111.0,-33.39,-0.58,Animal 1_6hrs_013,70.38,153.97,170.15,68.68,190.24,109.17,102.18,67.12
111.0,111.0,-7.06,-0.12,Animal 1_6hrs_014,52.32,119.34,185.8,138.64,164.0,109.37,105.3,57.35
111.0,111.0,29.1,0.51,Animal 1_6hrs_014,37.0,79.46,201.96,71.05,7.41,132.17,107.23,12.18
111.0,111.0,14.54,0.25,Animal 1_6hrs_014,43.67,92.92,196.0,68.46,217.83,115.15,110.32,66.06
111.0,111.0,-15.2,-0.27,Animal 1_6hrs_015,33.66,101.63,185.8,102.73,69.23,83.43,118.8,40.78
111.0,111.0,-92.94,-1.62,Animal 1_6hrs_015,111.19,187.07,110.1,90.01,120.34,116.88,113.71,50.06
111.0,111.0,90.85,1.59,Animal 1_6hrs_015,134.35,45.23,108.0,154.86,128.09,109.48,108.96,58.62
111.0,111.0,2.97,0.05,Animal 1_6hrs_016,49.62,107.9,179.53,103.55,143.01,111.35,112.88,55.67
111.0,111.0,140.9,2.46,Animal 1_6hrs_016,78.11,50.39,60.22,177.44,249.35,97.93,118.71,91.21
111.0,111.0,38.08,0.66,Animal 1_6hrs_017,0.83,17.38,186.3,5.72,256.58,99.95,80.92,71.88
111.0,111.0,83.65,1.46,Animal 1_6hrs_017,0.22,29.05,91.95,2.1,230.74,122.97,81.5,75.3
111.0,111.0,34.12,0.6,Animal 1_6hrs_017,0.86,39.42,215.22,5.13,164.85,122.84,92.09,65.79
111.0,111.0,-45.75,-0.8,Animal 1_6hrs_017,54.1,162.62,159.7,73.13,183.25,110.28,108.71,56.25
111.0,111.0,31.69,0.55,Animal 1_6hrs_018,46.01,107.87,175.25,66.68,66.64,147.44,111.18,34.76
111.0,111.0,-36.45,-0.64,Animal 1_6hrs_018,81.36,112.65,164.39,72.76,72.59,73.46,111.33,41.35
111.0,111.0,40.45,0.71,Animal 1_6hrs_018,30.84,64.1,194.14,32.51,199.42,114.24,135.33,59.89
110.0,111.0,-12.21,-0.21,Animal 1_6hrs_019,53.16,121.2,169.27,111.21,134.5,104.99,94.37,46.28
111.0,111.0,-22.17,-0.39,Animal 1_6hrs_019,50.25,118.64,179.08,60.5,152.92,90.18,109.26,53.2
111.0,111.0,12.81,0.22,Animal 1_6hrs_019,0.2,95.0,191.82,1.39,147.86,113.69,109.58,58.8
111.0,111.0,59.8,1.04,Animal 1_6hrs_020,43.33,46.68,163.74,49.87,240.22,122.1,119.85,82.67
111.0,111.0,21.08,0.37,Animal 1_6hrs_020,40.61,118.06,196.1,70.6,201.02,147.92,118.62,86.93
111.0,111.0,-50.64,-0.88,Animal 1_6hrs_020,80.2,180.81,163.42,61.66,274.72,94.62,92.73,112.15
111.0,111.0,-13.75,-0.24,Animal 1_6hrs_020,48.86,119.3,171.25,112.48,134.21,101.13,96.98,45.31
111.0,111.0,60.31,1.05,Animal 1_6hrs_021,0.27,22.09,195.48,1.67,78.21,121.86,138.6,53.19
111.0,111.0,-23.0,-0.4,Animal 1_6hrs_021,29.11,137.61,169.83,33.63,84.95,117.84,123.23,46.0
111.0,111.0,49.1,0.86,Animal 1_6hrs_021,3.81,19.13,199.84,16.86,148.25,88.25,139.97,94.41
111.0,111.0,9.07,0.16,Animal 1_6hrs_021,54.84,93.28,194.95,72.3,210.08,106.9,109.62,67.8
111.0,111.0,-32.62,-0.57,Animal 1_6hrs_022,112.49,127.51,165.5,128.53,150.41,98.2,119.7,84.98
111.0,111.0,46.57,0.81,Animal 1_6hrs_022,73.45,49.49,159.6,58.84,85.32,107.93,104.27,50.07
111.0,111.0,-91.53,-1.6,Animal 1_6hrs_022,164.3,155.33,105.09,148.95,190.61,112.08,106.25,56.68
111.0,111.0,-6.57,-0.11,Animal 1_6hrs_022,95.12,107.07,127.37,87.98,22.72,102.23,85.29,19.17
93.0,111.0,67.23,1.17,Animal 1_6hrs_022,44.23,56.61,155.37,51.83,70.08,123.63,127.24,45.24
111.0,111.0,-19.89,-0.35,Animal 1_6hrs_023,40.12,139.75,200.94,45.36,268.62,110.96,121.38,91.35
111.0,111.0,31.38,0.55,Animal 1_6hrs_023,103.0,68.49,173.19,93.35,214.08,114.35,97.99,79.42
111.0,111.0,-24.27,-0.42,Animal 1_6hrs_024,35.97,148.97,184.98,79.51,167.16,114.69,108.95,59.59
111.0,111.0,-75.08,-1.31,Animal 1_6hrs_024,39.69,171.2,166.29,83.03,87.58,104.07,148.4,38.33
111.0,111.0,-61.97,-1.08,Animal 1_6hrs_025,34.34,185.94,154.98,42.29,157.44,116.02,117.76,52.28
111.0,111.0,-70.62,-1.23,Animal 1_6hrs_025,89.77,174.34,126.69,150.18,236.43,113.87,105.41,71.94
111.0,111.0,-49.18,-0.86,Animal 1_6hrs_025,68.07,173.62,191.69,53.92,330.16,103.07,130.75,117.29
111.0,111.0,-27.0,-0.47,Animal 1_6hrs_026,49.3,156.29,178.03,104.54,161.49,120.76,108.28,55.16
111.0,111.0,-43.68,-0.76,Animal 1_6hrs_026,36.05,195.09,166.87,84.41,191.04,141.66,110.92,64.65
111.0,111.0,105.66,1.84,Animal 1_6hrs_026,28.23,56.52,116.96,42.43,224.57,117.0,133.92,66.28
111.0,111.0,-1.47,-0.03,Animal 1_6hrs_027,43.95,115.46,188.06,65.98,195.7,113.3,104.32,62.92
111.0,111.0,40.73,0.71,Animal 1_6hrs_027,0.16,26.29,207.5,1.17,141.2,110.82,109.34,60.1
111.0,111.0,-29.02,-0.51,Animal 1_6hrs_027,57.41,154.48,183.82,88.39,160.65,117.27,116.76,53.0
111.0,111.0,-38.19,-0.67,Animal 1_6hrs_028,53.33,161.73,186.3,83.76,211.19,105.74,115.12,78.77
111.0,111.0,-24.17,-0.42,Animal 1_6hrs_028,1.5,132.74,164.4,6.4,140.85,107.71,108.62,54.57
111.0,111.0,-40.07,-0.7,Animal 1_6hrs_029,64.69,163.16,135.78,143.21,81.96,122.19,87.08,39.66
111.0,111.0,-12.27,-0.21,Animal 1_6hrs_029,41.29,125.26,189.35,70.68,194.74,106.74,104.17,82.87
111.0,111.0,-38.33,-0.67,Animal 1_6hrs_029,59.24,160.31,187.74,64.73,210.89,103.01,115.27,74.27
111.0,111.0,-55.13,-0.96,Animal 1_6hrs_030,36.88,156.39,126.25,67.36,121.77,106.76,91.66,44.99
111.0,111.0,45.27,0.79,Animal 1_6hrs_030,58.52,57.95,187.12,66.62,58.76,136.6,109.22,38.35
111.0,111.0,23.96,0.42,Animal 1_6hrs_030,33.06,79.86,159.1,30.49,119.96,101.31,110.83,47.78
111.0,111.0,-52.6,-0.92,Animal 1_6hrs_031,57.24,153.16,175.24,85.54,74.73,79.16,118.66,34.77
111.0,111.0,34.85,0.61,Animal 1_6hrs_031,63.17,69.68,178.61,73.24,164.33,129.52,92.69,51.61
111.0,111.0,-42.75,-0.75,Animal 1_6hrs_031,93.86,147.87,187.85,101.47,175.43,82.32,116.95,59.52
111.0,111.0,1.71,0.03,Animal 1_6hrs_032,61.32,113.72,179.09,69.68,160.8,115.95,104.62,78.86
111.0,111.0,2.14,0.04,Animal 1_6hrs_032,54.58,87.52,181.63,112.73,171.97,90.4,104.41,67.44
111.0,111.0,49.45,0.86,Animal 1_6hrs_032,86.65,81.96,178.67,79.67,168.65,145.23,124.54,89.94
111.0,111.0,58.09,1.01,Animal 1_6hrs_033,78.0,45.78,148.09,89.1,64.18,135.7,92.1,42.48
111.0,111.0,116.17,2.03,Animal 1_6hrs_033,78.0,25.7,110.82,140.49,163.61,111.91,153.18,65.46
111.0,111.0,68.98,1.2,Animal 1_6hrs_033,78.1,27.84,131.18,94.06,211.58,109.38,99.84,68.39
111.0,111.0,45.29,0.79,Animal 1_6hrs_033,51.41,41.08,174.94,84.68,212.28,114.48,102.29,64.72
111.0,111.0,12.85,0.22,Animal 1_6hrs_033,0.85,74.47,216.36,3.17,165.9,105.49,80.34,53.99
111.0,111.0,31.81,0.56,Animal 1_6hrs_034,24.75,88.36,159.55,42.95,111.96,118.79,110.49,43.16
111.0,111.0,45.75,0.8,Animal 1_6hrs_034,27.78,66.51,162.21,60.85,131.64,113.88,116.07,48.81
111.0,111.0,63.55,1.11,Animal 1_6hrs_034,105.83,38.96,134.97,108.51,205.88,101.57,103.82,82.67
111.0,111.0,-45.04,-0.79,Animal 1_6hrs_035,123.9,146.74,176.94,59.74,130.67,93.49,123.77,60.31
111.0,111.0,14.79,0.26,Animal 1_6hrs_035,28.81,87.07,182.88,54.19,142.73,105.23,114.11,70.04
111.0,111.0,-18.57,-0.32,Animal 1_6hrs_036,60.45,127.49,174.51,122.48,148.42,102.73,100.82,48.02
111.0,111.0,-44.31,-0.77,Animal 1_6hrs_036,32.82,167.53,185.71,104.37,157.63,85.68,101.85,95.31
111.0,111.0,-8.1,-0.14,Animal 1_6hrs_036,77.03,148.84,179.23,90.67,205.48,138.74,108.25,61.08
111.0,111.0,92.19,1.61,Animal 1_6hrs_037,111.15,55.5,103.5,174.81,253.79,120.82,106.0,89.93
111.0,111.0,-17.39,-0.3,Animal 1_6hrs_037,0.19,151.88,202.06,1.39,134.32,121.24,104.23,60.88
111.0,111.0,-54.01,-0.94,Animal 1_6hrs_037,47.5,185.37,171.26,77.63,161.16,111.01,117.26,55.08
111.0,111.0,62.74,1.1,Animal 1_6hrs_037,180.1,55.34,134.45,110.17,58.8,126.3,97.89,44.24
111.0,111.0,7.73,0.13,Animal 1_6hrs_038,60.65,101.41,197.65,124.48,275.89,111.68,122.02,83.11
111.0,111.0,42.16,0.74,Animal 1_6hrs_039,113.49,49.65,166.31,89.23,272.35,112.68,96.7,102.13
111.0,111.0,-65.54,-1.14,Animal 1_6hrs_039,55.8,187.21,135.25,41.12,122.9,121.78,105.48,47.3
111.0,111.0,-49.86,-0.87,Animal 1_6hrs_039,25.5,181.68,171.52,30.26,90.87,139.66,136.08,39.61
111.0,111.0,-12.59,-0.22,Animal 1_6hrs_040,70.87,126.11,166.44,186.29,253.14,113.25,108.86,81.15
111.0,111.0,50.45,0.88,Animal 1_6hrs_041,3.38,15.69,214.96,14.12,291.43,99.29,145.93,161.28
111.0,111.0,-21.33,-0.37,Animal 1_6hrs_041,57.85,142.28,189.89,134.33,140.54,114.37,118.43,62.29
111.0,111.0,-6.83,-0.12,Animal 1_6hrs_041,67.69,110.42,190.2,58.03,222.23,101.3,114.12,63.83
111.0,111.0,20.0,0.35,Animal 1_6hrs_042,36.58,76.39,163.98,64.4,110.55,96.53,108.66,44.85
111.0,111.0,71.08,1.24,Animal 1_6hrs_042,150.16,57.46,124.29,166.07,149.53,108.26,106.87,59.08
111.0,111.0,-15.15,-0.26,Animal 1_6hrs_043,54.38,168.84,187.44,71.58,91.32,148.31,111.62,42.33
111.0,111.0,-28.53,-0.5,Animal 1_6hrs_043,41.36,146.49,199.07,52.63,93.09,104.92,122.6,39.73
111.0,111.0,-11.09,-0.19,Animal 1_6hrs_043,38.29,114.28,185.27,38.4,149.71,99.46,109.72,50.47
111.0,111.0,37.44,0.65,Animal 1_6hrs_044,0.97,55.7,211.25,4.91,319.82,122.25,124.34,92.11
111.0,111.0,-14.68,-0.26,Animal 1_6hrs_044,29.11,103.61,202.46,66.14,139.45,78.53,106.72,65.02
111.0,111.0,-41.24,-0.72,Animal 1_6hrs_046,1.82,187.28,204.47,9.04,109.71,108.96,115.14,49.79
111.0,111.0,22.6,0.39,Animal 1_6hrs_046,0.42,46.86,218.86,2.37,137.76,97.04,98.33,58.69
111.0,111.0,55.03,0.96,Animal 1_6hrs_046,29.25,21.14,156.02,66.56,248.14,98.74,101.74,79.47
111.0,111.0,-54.72,-0.96,Animal 2_2hrs_001,28.6,154.34,163.09,72.22,53.0,102.15,126.17,59.28
111.0,111.0,105.37,1.84,Animal 2_2hrs_001,167.89,49.08,78.53,77.09,147.76,124.8,99.34,61.64
111.0,111.0,-27.72,-0.48,Animal 2_2hrs_002,0.44,154.92,212.29,2.77,143.33,109.23,125.32,54.8
111.0,111.0,41.27,0.72,Animal 2_2hrs_002,123.94,92.27,151.14,120.77,157.36,116.61,123.41,79.69
111.0,111.0,65.43,1.14,Animal 2_2hrs_003,77.78,58.85,156.84,190.96,252.09,131.1,123.81,91.61
111.0,111.0,-39.05,-0.68,Animal 2_2hrs_003,58.04,151.95,184.59,46.21,90.19,108.4,130.9,42.85
111.0,111.0,-27.22,-0.48,Animal 2_2hrs_003,40.19,148.64,188.59,49.5,164.77,118.67,130.31,62.92
111.0,111.0,67.47,1.18,Animal 2_2hrs_003,137.13,62.49,118.85,109.27,63.31,113.18,97.82,34.65
111.0,111.0,33.41,0.58,Animal 2_2hrs_004,36.47,75.92,168.39,37.77,160.3,114.72,109.57,55.02
111.0,111.0,-70.4,-1.23,Animal 2_2hrs_004,36.01,153.72,117.07,30.61,117.07,109.86,101.45,50.57
111.0,111.0,-46.71,-0.82,Animal 2_2hrs_004,6.74,194.81,210.65,12.6,63.02,99.39,120.75,66.88
111.0,111.0,-8.59,-0.15,Animal 2_2hrs_004,25.61,122.57,161.42,34.99,80.52,114.89,110.58,36.58
111.0,111.0,0.54,0.01,Animal 2_2hrs_005,43.41,91.19,186.58,57.01,122.73,91.88,113.72,51.78
111.0,111.0,-65.19,-1.14,Animal 2_2hrs_006,41.73,181.61,121.39,33.63,116.45,124.74,95.09,51.97
111.0,111.0,-47.01,-0.82,Animal 2_2hrs_006,12.07,202.07,209.19,15.8,170.19,106.13,119.74,57.22
111.0,111.0,-32.2,-0.56,Animal 2_2hrs_007,0.17,172.2,191.0,1.37,99.04,123.5,113.68,44.57
111.0,111.0,4.78,0.08,Animal 2_2hrs_007,65.91,141.87,183.44,49.04,92.74,148.45,104.83,52.79
111.0,111.0,-77.93,-1.36,Animal 2_2hrs_008,38.69,185.91,120.4,72.31,153.02,102.62,102.6,63.79
111.0,111.0,-0.08,-0.0,Animal 2_2hrs_008,83.95,111.69,171.52,120.87,267.9,111.58,88.4,91.49
111.0,111.0,-93.01,-1.62,Animal 2_2hrs_008,48.02,196.46,98.37,33.12,106.4,122.1,102.28,57.83
111.0,111.0,93.74,1.64,Animal 2_2hrs_009,35.12,34.2,105.14,55.54,100.57,115.23,110.44,43.38
111.0,111.0,-68.47,-1.2,Animal 2_2hrs_009,58.09,177.3,138.5,42.38,112.84,113.11,113.18,55.78
111.0,111.0,-11.83,-0.21,Animal 2_2hrs_009,107.92,113.44,181.44,138.57,127.3,97.56,105.63,55.92
111.0,111.0,51.7,0.9,Animal 2_2hrs_009,65.8,38.39,173.52,54.57,121.78,92.42,130.84,59.23
111.0,111.0,17.81,0.31,Animal 2_2hrs_010,44.81,86.02,165.5,62.76,102.11,108.01,97.05,43.13
111.0,111.0,-45.78,-0.8,Animal 2_2hrs_010,77.66,163.05,147.21,89.85,133.12,120.99,106.27,47.51
111.0,111.0,-62.48,-1.09,Animal 2_2hrs_010,90.99,178.94,135.34,49.63,161.67,120.89,105.09,60.22
110.0,111.0,49.18,0.86,Animal 2_2hrs_010,53.77,38.89,159.13,62.66,218.09,101.7,104.87,70.46
111.0,111.0,2.03,0.04,Animal 2_2hrs_011,30.68,116.47,196.48,44.96,136.06,119.44,112.46,51.83
111.0,111.0,12.57,0.22,Animal 2_2hrs_011,1.26,104.65,180.48,6.54,194.86,120.1,111.17,83.31
111.0,111.0,175.49,3.06,Animal 2_2hrs_011,45.35,101.28,36.77,76.97,165.23,106.94,108.63,68.64
111.0,111.0,-5.37,-0.09,Animal 2_2hrs_011,33.98,109.61,186.15,53.95,123.53,102.63,111.83,47.23
111.0,111.0,6.66,0.12,Animal 2_2hrs_012,0.43,92.68,213.76,2.51,229.77,105.48,104.08,101.31
111.0,111.0,19.59,0.34,Animal 2_2hrs_012,33.88,74.93,195.19,41.03,54.38,111.5,92.44,29.73
111.0,111.0,-7.47,-0.13,Animal 2_2hrs_012,1.71,102.18,162.68,5.58,68.41,92.29,87.28,34.61
111.0,111.0,36.96,0.65,Animal 2_2hrs_014,27.9,71.02,142.84,48.93,138.28,106.17,96.12,53.34
111.0,111.0,-57.34,-1.0,Animal 2_2hrs_014,42.46,180.29,137.84,42.7,100.65,114.34,95.56,47.6
111.0,111.0,30.69,0.54,Animal 2_2hrs_015,1.22,41.04,217.81,6.87,26.43,99.3,119.66,23.25
111.0,111.0,-33.18,-0.58,Animal 2_2hrs_015,36.31,142.08,153.88,45.34,51.39,111.29,106.79,33.6
111.0,111.0,116.44,2.03,Animal 2_2hrs_015,46.73,38.72,58.8,37.29,41.29,128.07,103.24,31.36
111.0,111.0,3.36,0.06,Animal 2_2hrs_016,57.39,106.25,179.97,46.41,118.44,110.63,105.38,43.77
111.0,111.0,30.94,0.54,Animal 2_2hrs_016,41.21,72.62,163.62,53.62,135.28,104.75,110.02,58.59
90.0,111.0,-18.31,-0.32,Animal 2_2hrs_017,54.69,83.38,164.69,83.72,93.32,63.27,103.9,43.94
111.0,111.0,-27.72,-0.48,Animal 2_2hrs_017,72.81,145.23,176.34,118.91,250.53,99.81,89.91,95.09
111.0,111.0,47.92,0.84,Animal 2_2hrs_017,43.33,69.4,162.17,94.41,67.07,143.67,95.12,36.87
111.0,111.0,-21.54,-0.38,Animal 2_2hrs_017,43.6,136.64,167.59,56.18,134.91,107.13,92.82,48.36
101.0,111.0,33.18,0.58,Animal 2_2hrs_019,32.11,60.34,163.16,57.19,114.83,92.8,113.53,47.72
111.0,111.0,53.56,0.93,Animal 2_2hrs_019,72.74,56.82,147.78,82.32,185.21,106.93,110.79,70.99
111.0,111.0,2.97,0.05,Animal 2_2hrs_019,32.51,117.24,172.64,56.55,108.21,120.75,104.93,47.79
111.0,111.0,-70.43,-1.23,Animal 2_2hrs_019,58.81,146.59,111.31,55.62,111.08,122.73,102.83,44.94
111.0,111.0,49.71,0.87,Animal 2_2hrs_020,57.88,34.49,169.48,71.44,198.11,110.6,104.95,76.17
111.0,111.0,69.8,1.22,Animal 2_2hrs_020,40.91,39.3,123.36,40.72,74.36,86.2,106.1,37.15
111.0,111.0,7.78,0.14,Animal 2_2hrs_021,0.28,97.88,196.21,1.78,311.95,109.58,110.6,86.06
111.0,111.0,13.81,0.24,Animal 2_2hrs_021,59.99,103.19,188.38,87.49,161.58,119.65,121.42,58.4
111.0,111.0,-14.42,-0.25,Animal 2_2hrs_021,55.16,155.67,171.48,75.76,99.49,133.34,84.64,53.41
111.0,111.0,132.96,2.32,Animal 2_2hrs_026,23.01,74.46,91.77,27.31,46.15,117.31,131.66,28.12
111.0,111.0,40.71,0.71,Animal 2_2hrs_026,0.35,87.97,120.27,2.47,279.05,123.53,78.94,85.04
111.0,111.0,-6.89,-0.12,Animal 2_2hrs_026,68.55,132.48,191.79,101.45,239.58,119.23,82.07,102.24
111.0,111.0,34.7,0.61,Animal 2_2hrs_026,33.31,60.18,154.96,52.31,69.88,91.49,109.73,36.72
111.0,111.0,23.6,0.41,Animal 2_2hrs_026,58.7,59.83,168.67,55.77,184.72,87.44,105.47,66.32
111.0,111.0,46.58,0.81,Animal 2_2hrs_027,31.31,52.79,166.74,55.99,127.7,110.07,112.53,51.05
111.0,111.0,24.89,0.43,Animal 2_2hrs_027,57.34,69.73,176.29,63.59,184.79,98.96,113.29,70.96
111.0,111.0,3.22,0.06,Animal 2_2hrs_027,44.75,105.63,167.25,70.08,127.78,109.08,105.91,62.01
111.0,111.0,7.83,0.14,Animal 2_2hrs_027,12.99,102.45,162.2,27.11,116.41,109.96,107.51,42.42
111.0,111.0,20.14,0.35,Animal 2_2hrs_028,50.21,94.78,171.92,84.98,128.82,112.12,124.61,62.64
111.0,111.0,95.7,1.67,Animal 2_2hrs_028,31.45,38.15,97.8,69.32,128.06,88.94,102.86,54.54
111.0,111.0,14.13,0.25,Animal 2_2hrs_028,1.83,91.33,162.96,5.1,142.29,105.8,105.49,57.17
111.0,111.0,-32.22,-0.56,Animal 2_2hrs_029,38.96,148.9,148.51,77.11,181.74,124.22,109.37,67.05
111.0,111.0,5.17,0.09,Animal 2_2hrs_029,25.08,116.56,148.02,42.59,4.46,121.04,98.56,9.2
111.0,111.0,85.99,1.5,Animal 2_2hrs_030,0.14,57.5,124.58,1.06,290.41,100.12,121.6,99.33
111.0,111.0,-3.32,-0.06,Animal 2_2hrs_030,17.8,112.7,197.92,52.24,147.4,108.56,126.69,62.64
111.0,111.0,-43.78,-0.76,Animal 2_2hrs_030,36.3,167.39,174.69,46.24,109.14,114.79,119.8,53.04
111.0,111.0,-33.78,-0.59,Animal 2_2hrs_030,0.41,179.29,185.57,2.28,80.02,100.44,67.69,37.09
111.0,111.0,-16.3,-0.28,Animal 2_2hrs_031,0.28,144.71,219.79,1.82,136.04,109.98,101.08,52.57
111.0,111.0,15.33,0.27,Animal 2_2hrs_031,64.61,104.86,155.69,56.77,92.3,122.25,92.26,37.69
111.0,111.0,148.35,2.59,Animal 2_2hrs_031,29.02,85.55,67.93,25.76,86.8,96.91,86.36,47.74
111.0,111.0,33.71,0.59,Animal 2_2hrs_031,60.19,59.72,165.5,59.73,29.72,99.63,105.69,29.09
111.0,111.0,-105.74,-1.85,Animal 2_2hrs_032,33.22,198.84,91.91,47.82,155.2,121.07,113.82,67.9
111.0,111.0,-23.19,-0.4,Animal 2_2hrs_032,75.49,113.78,177.86,67.09,153.35,83.31,106.72,59.19
111.0,111.0,35.89,0.63,Animal 2_2hrs_032,41.48,66.24,162.88,35.59,123.85,104.47,110.03,48.68
111.0,111.0,-22.11,-0.39,Animal 2_2hrs_033,50.94,136.01,187.08,72.36,184.37,105.52,112.02,62.21
111.0,111.0,-7.57,-0.13,Animal 2_2hrs_033,8.54,83.84,202.36,11.98,97.03,72.48,116.84,46.18
111.0,111.0,37.34,0.65,Animal 2_2hrs_033,61.15,64.63,180.43,86.62,200.83,134.1,89.36,67.53
111.0,111.0,-58.23,-1.02,Animal 2_2hrs_034,1.69,217.81,201.28,6.24,3.34,108.81,133.79,8.39
111.0,111.0,14.34,0.25,Animal 2_2hrs_034,50.26,98.82,189.93,64.5,156.08,119.31,109.77,68.01
111.0,111.0,30.09,0.53,Animal 2_2hrs_034,0.84,65.99,181.44,3.19,211.47,108.7,107.74,61.89
111.0,111.0,50.37,0.88,Animal 2_2hrs_035,53.33,45.95,154.82,72.17,167.4,104.71,106.16,59.12
111.0,111.0,59.24,1.03,Animal 2_2hrs_035,45.84,51.49,142.2,52.37,117.5,114.93,104.44,44.55
111.0,111.0,112.6,1.97,Animal 2_2hrs_036,44.98,43.64,65.36,52.87,71.02,142.36,106.46,36.41
111.0,111.0,-10.04,-0.18,Animal 2_2hrs_036,63.94,97.36,155.69,72.42,81.12,87.76,101.5,43.97
111.0,111.0,3.8,0.07,Animal 2_2hrs_036,0.19,95.38,207.75,1.32,74.5,102.99,93.08,46.31
111.0,111.0,-4.51,-0.08,Animal 2_2hrs_036,78.21,84.36,139.56,73.07,92.55,81.87,107.96,44.58
111.0,111.0,-1.91,-0.03,Animal 2_2hrs_038,1.05,108.02,214.82,4.24,150.49,103.88,90.85,50.85
111.0,111.0,22.53,0.39,Animal 2_2hrs_038,0.93,90.29,217.06,4.08,75.43,129.89,121.58,39.82
111.0,111.0,-31.91,-0.56,Animal 2_2hrs_038,33.94,124.02,152.9,53.53,95.9,81.88,85.23,42.66
111.0,111.0,133.35,2.33,Animal 2_2hrs_038,44.26,37.69,59.57,39.66,116.71,84.95,104.18,52.35
111.0,111.0,0.27,0.0,Animal 2_2hrs_039,0.3,101.62,176.54,2.15,263.58,102.07,81.69,83.05
111.0,111.0,58.74,1.03,Animal 2_2hrs_039,55.3,34.26,107.12,48.65,143.06,91.61,72.31,56.08
111.0,111.0,76.62,1.34,Animal 2_2hrs_040,58.65,37.65,130.75,63.69,81.9,133.08,108.05,41.95
111.0,111.0,22.17,0.39,Animal 2_2hrs_040,48.25,110.38,183.73,43.21,130.38,133.89,126.02,56.46
111.0,111.0,35.63,0.62,Animal 2_2hrs_040,32.19,59.75,159.41,40.91,134.98,93.08,112.9,50.81
111.0,111.0,7.09,0.12,Animal 2_2hrs_040,42.28,99.64,156.58,38.84,109.25,106.84,98.7,44.48
111.0,111.0,-56.62,-0.99,Animal 2_2hrs_041,40.35,178.84,136.9,46.32,101.56,114.55,94.54,52.41
111.0,111.0,-101.08,-1.76,Animal 2_2hrs_041,51.75,164.47,100.85,51.57,95.57,101.54,113.17,42.98
111.0,111.0,-46.18,-0.81,Animal 2_2hrs_042,16.77,127.29,158.57,18.07,30.86,94.14,126.75,23.93
111.0,111.0,-10.61,-0.19,Animal 2_2hrs_042,29.49,159.85,180.46,34.62,218.08,145.58,104.34,80.66
111.0,111.0,28.06,0.49,Animal 2_2hrs_042,41.64,69.71,184.02,39.67,103.98,113.34,102.15,43.71
111.0,111.0,25.19,0.44,Animal 2_2hrs_042,29.4,79.96,142.92,39.7,170.78,117.69,62.7,68.39
111.0,111.0,-30.36,-0.53,Animal 2_2hrs_043,40.47,127.84,173.1,86.53,107.25,98.38,122.81,55.64
111.0,111.0,-21.05,-0.37,Animal 2_2hrs_043,20.68,132.39,148.8,58.21,95.5,112.94,98.25,39.93
111.0,111.0,47.78,0.83,Animal 2_2hrs_043,83.89,75.97,185.07,123.87,74.51,131.76,134.45,44.63
111.0,111.0,52.31,0.91,Animal 2_2hrs_044,27.46,33.46,172.08,90.4,138.61,117.53,107.13,56.01
111.0,111.0,-10.43,-0.18,Animal 2_2hrs_044,29.88,132.69,178.56,89.24,113.3,120.76,113.77,63.51
111.0,111.0,25.62,0.45,Animal 2_2hrs_044,32.94,88.67,165.23,59.01,126.66,117.84,104.39,46.92
111.0,111.0,1.03,0.02,Animal 2_2hrs_045,0.22,112.32,207.47,1.69,171.62,114.37,93.17,64.69
111.0,111.0,-83.58,-1.46,Animal 2_2hrs_045,13.06,184.45,114.62,33.83,120.83,94.46,104.49,59.66
111.0,111.0,149.39,2.61,Animal 2_2hrs_045,21.67,68.21,71.79,21.0,120.64,95.5,117.91,45.26
111.0,111.0,-86.33,-1.51,Animal 2_2hrs_046,68.15,154.84,109.05,166.77,192.28,103.18,105.74,78.4
111.0,111.0,-23.76,-0.41,Animal 2_2hrs_046,19.44,136.91,155.86,42.26,132.71,112.08,99.45,48.8
111.0,111.0,8.0,0.14,Animal 2_4hrs_001,71.36,125.5,190.54,95.21,91.0,137.68,103.86,39.07
111.0,111.0,-63.73,-1.11,Animal 2_4hrs_001,53.72,193.47,132.33,40.81,122.64,134.16,103.06,62.53
99.0,111.0,48.73,0.85,Animal 2_4hrs_001,45.8,43.45,159.9,34.43,0.01,106.0,105.0,0.0
111.0,111.0,40.46,0.71,Animal 2_4hrs_002,24.79,79.52,155.75,45.6,124.31,120.83,107.31,47.11
111.0,111.0,12.81,0.22,Animal 2_4hrs_002,38.67,85.65,196.39,69.67,268.23,105.18,110.49,70.24
111.0,111.0,6.34,0.11,Animal 2_4hrs_002,81.36,96.99,181.25,71.92,58.12,102.65,130.36,33.5
111.0,111.0,-81.17,-1.42,Animal 2_4hrs_003,1.32,219.29,134.61,7.19,286.79,98.39,115.83,73.61
111.0,111.0,27.63,0.48,Animal 2_4hrs_003,0.4,62.35,200.91,2.06,200.78,107.32,115.0,66.06
111.0,111.0,26.63,0.46,Animal 2_4hrs_003,49.83,66.05,176.87,70.02,257.32,106.28,96.63,66.46
111.0,111.0,1.01,0.02,Animal 2_4hrs_003,53.07,103.9,195.82,49.02,133.97,105.47,107.35,48.43
111.0,111.0,-143.99,-2.51,Animal 2_4hrs_004,44.02,108.73,65.45,41.87,193.11,84.02,99.46,61.89
111.0,111.0,-27.25,-0.48,Animal 2_4hrs_004,63.37,143.48,175.95,155.28,239.74,108.19,107.42,77.88
111.0,111.0,-80.9,-1.41,Animal 2_4hrs_005,56.26,196.39,166.79,38.29,102.36,113.9,153.58,51.64
111.0,111.0,-0.65,-0.01,Animal 2_4hrs_005,0.15,100.62,210.38,1.11,125.41,99.37,99.7,49.15
111.0,111.0,-8.61,-0.15,Animal 2_4hrs_005,24.58,119.78,202.49,67.48,157.99,106.22,112.96,53.06
111.0,111.0,7.98,0.14,Animal 2_4hrs_006,45.69,80.42,196.02,51.53,139.8,91.26,118.7,55.92
111.0,111.0,-35.72,-0.62,Animal 2_4hrs_006,58.32,154.73,168.43,60.96,108.67,118.15,117.55,47.68
111.0,111.0,-26.01,-0.45,Animal 2_4hrs_006,32.3,146.89,173.68,36.96,106.75,110.46,99.0,43.8
88.0,111.0,-126.87,-2.21,Animal 2_4hrs_007,26.22,125.17,74.63,30.97,113.9,76.23,111.34,45.24
111.0,111.0,89.89,1.57,Animal 2_4hrs_007,0.29,30.48,117.96,2.1,143.65,86.74,117.86,89.43
111.0,111.0,-146.5,-2.56,Animal 2_4hrs_007,42.52,154.32,40.16,39.53,124.52,108.46,109.45,66.05
111.0,111.0,116.18,2.03,Animal 2_4hrs_007,26.57,49.4,83.21,21.86,95.54,106.65,111.36,38.65
111.0,111.0,149.24,2.6,Animal 2_4hrs_007,56.62,77.79,52.66,54.3,167.59,114.79,114.83,68.95
111.0,111.0,1.99,0.03,Animal 2_4hrs_008,38.11,99.7,166.76,62.24,114.73,101.49,114.99,46.6
111.0,111.0,-16.98,-0.3,Animal 2_4hrs_008,20.79,132.48,173.88,29.94,112.78,114.74,115.78,45.7
111.0,111.0,26.86,0.47,Animal 2_4hrs_008,51.26,80.77,171.34,75.73,128.54,113.62,106.47,48.52
111.0,111.0,-1.34,-0.02,Animal 2_4hrs_009,43.76,114.36,191.17,90.29,204.56,112.99,132.79,64.27
111.0,111.0,-49.57,-0.87,Animal 2_4hrs_009,29.7,167.45,152.2,28.48,109.92,116.31,108.63,42.57
111.0,111.0,11.98,0.21,Animal 2_4hrs_009,35.51,89.87,180.71,47.46,106.07,103.6,115.96,40.02
111.0,111.0,-8.81,-0.15,Animal 2_4hrs_010,76.4,153.5,194.65,110.07,225.52,139.39,103.64,139.68
111.0,111.0,-28.97,-0.51,Animal 2_4hrs_010,1.5,158.97,213.43,5.2,168.6,96.43,100.48,56.2
111.0,111.0,0.83,0.01,Animal 2_4hrs_010,36.82,111.05,181.27,44.89,127.57,112.08,110.26,46.77
111.0,111.0,-21.11,-0.37,Animal 2_4hrs_011,52.9,137.86,172.92,61.88,129.83,113.46,109.72,47.74
111.0,111.0,14.18,0.25,Animal 2_4hrs_011,1.66,85.25,215.27,5.71,130.21,111.83,110.07,46.6
111.0,111.0,10.68,0.19,Animal 2_4hrs_011,37.41,104.21,179.72,70.63,108.28,116.32,115.5,42.9
111.0,111.0,27.79,0.49,Animal 2_4hrs_012,57.21,63.42,169.51,85.01,78.11,94.85,109.88,44.16
111.0,111.0,-13.78,-0.24,Animal 2_4hrs_012,39.28,114.62,179.73,60.37,102.51,99.19,116.83,77.36
111.0,111.0,-7.65,-0.13,Animal 2_4hrs_013,40.49,112.81,178.42,46.92,117.2,104.02,112.96,42.8
111.0,111.0,-9.19,-0.16,Animal 2_4hrs_013,46.21,111.48,181.74,99.41,133.24,98.01,98.52,50.33
111.0,111.0,-13.99,-0.24,Animal 2_4hrs_015,54.75,128.67,177.46,78.62,108.93,113.26,115.62,44.83
111.0,111.0,8.74,0.15,Animal 2_4hrs_015,82.64,63.9,179.64,94.63,115.23,76.54,97.43,45.95
111.0,111.0,-98.87,-1.73,Animal 2_4hrs_016,31.57,184.63,98.45,59.78,145.14,111.51,109.87,53.81
111.0,111.0,28.43,0.5,Animal 2_4hrs_016,1.43,51.37,191.15,4.39,123.6,100.68,100.07,46.35
111.0,111.0,-46.73,-0.82,Animal 2_4hrs_017,46.64,184.47,154.58,103.51,115.93,138.53,111.33,47.68
111.0,111.0,45.52,0.79,Animal 2_4hrs_017,0.27,27.91,187.17,2.08,128.44,108.81,107.74,54.78
111.0,111.0,39.33,0.69,Animal 2_4hrs_017,16.15,24.52,188.34,40.02,85.39,81.66,118.61,37.52
111.0,111.0,15.62,0.27,Animal 2_4hrs_017,42.9,72.21,185.76,74.07,180.49,92.25,114.05,97.78
111.0,111.0,-15.56,-0.27,Animal 2_4hrs_017,53.22,128.16,179.38,112.74,133.05,104.25,93.56,50.73
111.0,111.0,-37.06,-0.65,Animal 2_4hrs_017,50.96,149.95,172.52,134.53,5.1,104.19,111.92,11.01
77.0,111.0,76.1,1.33,Animal 2_4hrs_017,81.87,54.02,122.32,57.52,112.87,105.91,109.48,62.21
111.0,111.0,73.93,1.29,Animal 2_4hrs_018,84.8,56.02,117.57,55.35,132.09,116.26,100.22,61.11
111.0,111.0,37.64,0.66,Animal 2_4hrs_018,57.63,49.25,175.69,133.46,243.99,106.81,101.05,74.43
111.0,111.0,-41.84,-0.73,Animal 2_4hrs_018,51.06,164.16,164.91,58.62,101.37,118.9,114.36,55.05
111.0,111.0,-27.66,-0.48,Animal 2_4hrs_018,36.51,144.04,187.59,99.9,158.93,107.32,117.52,56.93
111.0,111.0,-48.49,-0.85,Animal 2_4hrs_019,37.21,193.99,187.99,33.46,248.76,114.53,117.65,83.93
111.0,111.0,-30.8,-0.54,Animal 2_4hrs_020,51.09,144.08,163.87,53.21,119.7,110.43,107.43,48.73
111.0,111.0,44.12,0.77,Animal 2_4hrs_020,58.33,46.82,168.27,122.55,160.62,111.62,101.46,69.23
111.0,111.0,-10.95,-0.19,Animal 2_4hrs_020,38.44,103.18,191.84,61.47,140.6,88.55,116.21,45.71
111.0,111.0,63.64,1.11,Animal 2_4hrs_020,38.42,51.25,130.15,52.8,88.27,105.63,103.21,38.64
111.0,111.0,-102.39,-1.79,Animal 2_4hrs_021,34.21,172.05,71.52,60.02,88.93,86.01,90.42,38.95
111.0,111.0,33.61,0.59,Animal 2_4hrs_021,0.72,94.26,203.15,5.23,81.18,145.94,125.4,38.15
111.0,111.0,-70.43,-1.23,Animal 2_4hrs_022,76.61,177.57,114.65,165.04,234.84,99.04,86.74,64.13
111.0,111.0,115.17,2.01,Animal 2_4hrs_022,69.73,41.7,88.52,64.71,123.55,104.32,117.94,58.5
111.0,111.0,-25.96,-0.45,Animal 2_4hrs_022,44.03,135.99,168.03,51.58,135.37,102.11,98.45,49.77
111.0,111.0,-31.55,-0.55,Animal 2_4hrs_022,70.3,148.25,179.9,85.83,288.63,97.42,97.1,79.89
111.0,111.0,-33.42,-0.58,Animal 2_4hrs_022,55.09,143.53,193.14,85.12,232.18,92.03,115.1,109.23
111.0,111.0,-74.7,-1.3,Animal 2_4hrs_024,92.66,190.61,130.94,86.76,82.83,116.06,110.55,70.3
111.0,111.0,30.51,0.53,Animal 2_4hrs_024,48.25,66.4,177.23,79.02,163.88,108.27,106.16,59.31
111.0,111.0,-69.47,-1.21,Animal 2_4hrs_024,58.09,178.19,171.04,61.19,45.77,106.38,144.15,38.71
111.0,111.0,53.85,0.94,Animal 2_4hrs_025,100.53,41.24,149.87,167.95,168.37,117.8,93.95,55.02
111.0,111.0,53.88,0.94,Animal 2_4hrs_025,72.04,47.15,175.74,87.82,69.07,116.81,124.92,36.25
111.0,111.0,-33.16,-0.58,Animal 2_4hrs_025,53.62,136.8,165.49,68.42,74.7,101.14,110.9,34.83
111.0,111.0,-58.2,-1.02,Animal 2_4hrs_025,121.71,183.37,157.91,73.75,254.39,108.37,111.42,83.85
111.0,111.0,0.63,0.01,Animal 2_4hrs_026,31.67,107.28,168.95,40.12,115.5,107.97,107.07,46.01
111.0,111.0,18.57,0.32,Animal 2_4hrs_026,45.94,55.77,195.46,53.37,196.1,86.08,105.25,56.86
111.0,111.0,20.74,0.36,Animal 2_4hrs_026,44.19,88.6,188.21,75.12,210.35,119.36,106.99,66.0
111.0,111.0,50.33,0.88,Animal 2_4hrs_029,89.91,46.15,151.09,137.86,157.85,87.44,116.85,71.87
111.0,111.0,34.81,0.61,Animal 2_4hrs_029,35.91,87.29,161.16,64.06,105.56,121.33,112.2,45.56
111.0,111.0,45.88,0.8,Animal 2_4hrs_029,7.57,14.71,193.35,25.9,280.55,94.79,115.7,107.83
111.0,111.0,-100.97,-1.76,Animal 2_4hrs_030,97.92,186.9,62.57,105.35,190.52,105.04,78.45,66.66
111.0,111.0,-34.21,-0.6,Animal 2_4hrs_030,50.62,147.62,175.25,73.26,197.11,100.77,106.34,81.24
111.0,111.0,-14.37,-0.25,Animal 2_4hrs_030,75.02,128.93,175.62,99.49,144.27,114.59,119.63,49.88
111.0,111.0,17.48,0.31,Animal 2_4hrs_031,26.08,89.38,168.96,49.18,105.44,112.53,95.47,40.19
111.0,111.0,11.48,0.2,Animal 2_4hrs_031,0.92,89.27,203.05,5.23,116.72,110.45,98.77,47.91
111.0,111.0,134.72,2.35,Animal 2_4hrs_031,96.17,77.32,62.68,68.3,21.3,128.56,113.41,30.12
111.0,111.0,-25.98,-0.45,Animal 2_4hrs_031,72.54,132.16,144.64,123.54,59.46,120.75,121.23,31.51
111.0,111.0,0.22,0.0,Animal 2_4hrs_032,45.73,96.92,179.86,51.3,115.26,97.18,113.67,43.02
111.0,111.0,102.63,1.79,Animal 2_4hrs_032,35.21,44.78,98.68,45.53,154.31,122.79,116.15,52.34
105.0,111.0,39.44,0.69,Animal 2_4hrs_103,2.85,7.76,213.23,7.83,181.11,98.3,103.16,58.8
111.0,111.0,44.79,0.78,Animal 2_4hrs_103,51.22,47.12,173.92,131.86,211.05,111.45,109.11,63.28
111.0,111.0,71.54,1.25,Animal 2_4hrs_103,35.67,61.88,139.0,76.11,74.67,109.48,123.11,39.0
111.0,111.0,39.11,0.68,Animal 2_4hrs_103,53.16,74.32,176.73,83.51,61.08,107.18,136.3,31.99
111.0,111.0,44.94,0.78,Animal 2_4hrs_104,32.34,87.44,171.52,38.34,91.15,142.37,116.47,38.51
111.0,111.0,-93.0,-1.62,Animal 2_4hrs_104,65.73,169.86,113.11,62.49,118.67,110.76,116.21,47.51
111.0,111.0,-34.74,-0.61,Animal 2_4hrs_104,40.39,154.14,175.35,34.42,160.69,111.54,113.93,67.82
111.0,111.0,-18.38,-0.32,Animal 2_4hrs_104,44.32,134.65,174.18,76.54,122.24,111.89,105.69,48.63
111.0,111.0,139.82,2.44,Animal 2_4hrs_106,50.55,52.76,40.55,64.08,176.73,105.01,102.43,58.66
111.0,111.0,-2.69,-0.05,Animal 2_4hrs_106,64.82,133.6,170.76,107.66,120.2,131.19,119.42,48.6
111.0,111.0,10.61,0.19,Animal 2_4hrs_107,31.25,99.79,185.76,57.05,109.66,112.32,118.87,45.26
111.0,111.0,-57.99,-1.01,Animal 2_4hrs_107,35.05,154.26,161.9,89.17,81.26,82.3,116.92,37.19
111.0,111.0,26.05,0.45,Animal 2_4hrs_107,58.45,94.63,182.04,71.82,116.87,134.95,99.56,63.01
111.0,111.0,6.32,0.11,Animal 2_4hrs_108,1.19,99.25,191.3,7.35,153.86,110.31,91.49,57.03
111.0,111.0,-8.71,-0.15,Animal 2_4hrs_108,35.61,114.02,178.24,75.28,139.29,103.23,107.8,48.25
111.0,111.0,7.55,0.13,Animal 2_4hrs_108,22.91,91.2,174.56,37.09,117.69,99.48,112.08,46.91
111.0,111.0,-2.66,-0.05,Animal 2_4hrs_108,15.62,157.0,200.23,22.16,107.59,152.84,110.68,44.27
111.0,111.0,-25.1,-0.44,Animal 2_4hrs_109,41.06,141.76,179.58,96.29,127.95,112.11,116.3,50.14
111.0,111.0,27.71,0.48,Animal 2_4hrs_109,53.04,113.59,186.06,89.18,120.48,148.35,119.89,68.85
111.0,111.0,33.84,0.59,Animal 2_4hrs_109,46.48,68.19,160.87,65.02,150.35,110.46,97.84,52.19
111.0,111.0,-61.97,-1.08,Animal 2_4hrs_110,41.62,195.45,146.6,87.33,195.42,99.59,95.55,62.35
111.0,111.0,9.14,0.16,Animal 2_4hrs_110,0.36,103.61,198.26,1.93,118.8,119.57,99.13,51.59
111.0,111.0,28.32,0.49,Animal 2_4hrs_110,85.28,61.81,184.76,90.47,128.6,94.63,123.87,73.77
111.0,111.0,12.65,0.22,Animal 2_4hrs_110,36.83,88.18,177.87,77.15,127.63,102.71,113.17,44.83
111.0,111.0,-13.07,-0.23,Animal 2_4hrs_111,25.78,120.72,163.87,32.06,106.83,108.29,110.34,51.77
111.0,111.0,-19.67,-0.34,Animal 2_4hrs_111,0.41,123.2,160.63,2.15,31.19,112.85,131.66,25.39
88.0,111.0,111.17,1.94,Animal 2_4hrs_111,27.96,56.61,97.56,31.24,97.9,125.92,124.4,44.19
111.0,111.0,52.82,0.92,Animal 2_4hrs_112,53.62,44.01,157.66,45.97,100.4,104.12,112.07,48.83
111.0,111.0,-5.56,-0.1,Animal 2_4hrs_112,62.92,91.2,191.37,67.58,219.35,82.67,103.76,100.98
111.0,111.0,38.06,0.66,Animal 2_4hrs_112,40.49,74.39,160.42,83.12,134.02,115.22,108.26,52.84
76.0,111.0,-32.26,-0.56,Animal 2_4hrs_113,60.66,99.28,169.14,110.31,142.6,54.2,97.74,54.8
111.0,111.0,59.01,1.03,Animal 2_4hrs_113,68.23,29.77,168.86,45.96,3.49,121.99,113.47,6.91
111.0,111.0,26.14,0.46,Animal 2_4hrs_113,49.98,91.42,193.75,77.27,213.26,128.31,118.6,73.01
111.0,111.0,11.72,0.2,Animal 2_4hrs_113,20.4,92.59,175.68,40.33,111.79,105.15,115.17,51.34
96.0,111.0,41.44,0.72,Animal 2_4hrs_113,0.98,29.67,195.12,4.85,131.12,103.64,111.32,62.84
111.0,111.0,69.59,1.21,Animal 2_4hrs_114,85.4,50.81,162.45,91.62,114.75,130.11,132.94,49.22
111.0,111.0,11.09,0.19,Animal 2_4hrs_114,36.42,77.78,177.48,76.74,147.67,93.34,98.14,55.03
111.0,111.0,-33.3,-0.58,Animal 2_4hrs_114,3.04,140.9,183.18,13.96,164.38,80.58,91.36,59.1
111.0,111.0,8.61,0.15,Animal 2_4hrs_115,27.75,97.27,169.22,40.76,98.64,106.33,109.41,55.24
111.0,111.0,21.69,0.38,Animal 2_4hrs_115,52.38,85.62,185.3,49.74,117.6,111.18,121.01,43.51
92.0,111.0,-68.86,-1.2,Animal 2_4hrs_116,36.79,140.54,133.42,37.99,117.54,75.1,108.12,50.66
111.0,111.0,-20.08,-0.35,Animal 2_4hrs_116,88.91,123.71,187.87,111.25,231.38,103.5,132.57,86.08
111.0,111.0,-35.55,-0.62,Animal 2_4hrs_116,83.21,158.13,160.33,99.02,202.77,106.62,88.27,64.34
111.0,111.0,3.66,0.06,Animal 2_4hrs_117,22.84,108.55,192.16,35.68,136.43,113.9,108.65,47.12
111.0,111.0,42.29,0.74,Animal 2_4hrs_117,60.97,73.84,164.78,47.71,162.47,128.69,104.49,52.34
111.0,111.0,8.95,0.16,Animal 2_4hrs_117,0.43,88.16,220.05,2.9,146.41,106.57,103.17,48.3
111.0,111.0,-51.98,-0.91,Animal 2_4hrs_118,155.19,112.65,122.72,110.74,107.05,89.17,104.36,48.69
111.0,111.0,-49.03,-0.86,Animal 2_4hrs_118,49.51,132.93,159.98,45.01,89.88,75.44,110.06,41.31
111.0,111.0,90.24,1.58,Animal 2_4hrs_118,32.54,19.49,127.04,33.93,270.91,144.51,127.57,78.34
111.0,111.0,-2.77,-0.05,Animal 2_4hrs_118,82.98,159.47,176.95,89.5,117.47,154.83,80.86,44.08
111.0,111.0,-5.0,-0.09,Animal 2_4hrs_118,157.11,107.53,164.87,105.82,141.65,102.55,107.97,48.07
111.0,111.0,-53.0,-0.92,Animal 2_4hrs_119,53.23,170.57,134.09,57.46,86.89,97.88,79.31,37.03
111.0,111.0,13.69,0.24,Animal 2_4hrs_119,65.53,122.38,188.92,38.42,78.14,141.47,110.58,35.62
111.0,111.0,21.47,0.37,Animal 2_4hrs_119,42.8,71.32,176.22,49.4,117.56,99.38,104.91,42.4
111.0,111.0,-56.08,-0.98,Animal 2_4hrs_119,172.37,119.91,122.87,101.45,114.13,93.6,105.18,46.83
111.0,111.0,138.58,2.42,Animal 2_6hrs_001,27.21,56.41,52.88,89.75,139.94,103.82,106.61,62.14
102.0,111.0,-162.36,-2.83,Animal 2_6hrs_001,44.16,124.55,40.06,49.21,140.46,99.33,119.38,54.49
111.0,111.0,-39.68,-0.69,Animal 2_6hrs_002,2.52,129.58,144.5,16.94,130.73,79.67,84.34,53.5
111.0,111.0,160.18,2.8,Animal 2_6hrs_002,71.35,78.78,72.57,101.94,217.15,92.11,109.58,61.01
111.0,111.0,108.23,1.89,Animal 2_6hrs_003,2.96,18.15,90.74,7.92,212.63,103.61,118.88,69.16
111.0,111.0,35.83,0.63,Animal 2_6hrs_003,47.44,78.08,169.99,44.51,152.48,116.77,116.41,50.99
111.0,111.0,85.07,1.48,Animal 2_6hrs_004,1.49,32.73,114.91,4.67,121.98,116.37,107.7,52.04
111.0,111.0,-36.77,-0.64,Animal 2_6hrs_004,1.91,168.45,158.84,12.01,215.92,142.03,123.48,127.27
111.0,111.0,-179.75,-3.14,Animal 2_6hrs_005,50.74,102.06,23.95,57.24,190.61,101.75,96.64,63.43
111.0,111.0,-42.76,-0.75,Animal 2_6hrs_005,5.19,193.29,194.18,9.58,189.83,94.06,86.88,61.86
111.0,111.0,137.74,2.4,Animal 2_6hrs_006,61.59,70.18,28.57,94.33,132.98,143.26,108.99,55.38
111.0,111.0,-22.58,-0.39,Animal 2_6hrs_006,14.41,155.11,208.27,16.33,209.6,116.41,115.21,66.43
111.0,111.0,29.68,0.52,Animal 2_6hrs_007,17.13,73.41,176.84,16.02,132.43,115.0,103.88,54.27
111.0,111.0,-60.06,-1.05,Animal 2_6hrs_007,1.85,143.88,135.55,11.26,169.86,110.73,116.45,60.38
111.0,111.0,-40.22,-0.7,Animal 2_6hrs_007,0.12,173.0,181.8,0.95,184.42,117.43,116.08,87.6
111.0,111.0,-45.65,-0.8,Animal 2_6hrs_007,0.49,165.55,167.45,3.04,144.75,90.4,94.01,56.1
111.0,111.0,174.96,3.05,Animal 2_6hrs_008,37.06,107.07,34.19,70.97,138.95,114.06,113.42,50.33
111.0,111.0,-16.83,-0.29,Animal 2_6hrs_008,0.97,127.4,163.1,3.56,112.87,108.37,100.22,63.02
111.0,111.0,133.29,2.33,Animal 2_6hrs_008,48.11,78.03,39.76,82.27,93.17,148.69,106.33,40.85
111.0,111.0,47.53,0.83,Animal 2_6hrs_009,0.19,1.38,211.12,1.17,128.22,110.45,111.27,54.49
111.0,111.0,-177.04,-3.09,Animal 2_6hrs_009,37.1,116.58,45.35,99.04,153.01,113.18,111.07,67.7
111.0,111.0,-176.47,-3.08,Animal 2_6hrs_009,29.88,113.99,37.08,63.73,143.98,109.53,109.3,53.47
111.0,111.0,46.8,0.82,Animal 2_6hrs_010,0.16,76.29,158.5,1.17,112.35,141.53,97.23,53.06
111.0,111.0,173.91,3.04,Animal 2_6hrs_010,47.06,104.04,46.59,90.58,155.7,112.5,125.95,55.28
111.0,111.0,-118.77,-2.07,Animal 2_6hrs_011,33.22,140.84,106.07,85.2,111.57,105.56,125.44,42.61
111.0,111.0,-11.04,-0.19,Animal 2_6hrs_011,0.78,144.81,216.55,3.01,180.83,124.79,113.98,67.25
111.0,111.0,-137.41,-2.4,Animal 2_6hrs_011,45.94,159.11,56.32,89.05,149.47,111.17,108.46,69.17
111.0,111.0,-173.23,-3.02,Animal 2_6hrs_012,38.2,98.96,36.88,65.8,94.5,90.27,110.09,42.09
111.0,111.0,-67.49,-1.18,Animal 2_6hrs_012,0.21,135.67,118.5,1.65,2.33,105.5,106.0,21.64
111.0,111.0,160.34,2.8,Animal 2_6hrs_013,68.61,77.44,37.62,107.45,215.05,110.42,129.96,96.96
111.0,111.0,-105.34,-1.84,Animal 2_6hrs_013,0.19,218.19,74.69,1.37,220.13,105.29,105.66,143.46
111.0,111.0,-145.39,-2.54,Animal 2_6hrs_014,56.36,113.17,26.35,48.67,122.12,57.89,106.44,57.31
111.0,111.0,47.35,0.83,Animal 2_6hrs_014,60.42,43.82,180.86,37.72,155.85,117.99,112.54,55.04
111.0,111.0,-5.53,-0.1,Animal 2_6hrs_015,0.4,130.0,177.15,2.43,197.81,123.87,113.77,82.84
111.0,111.0,-179.73,-3.14,Animal 2_6hrs_015,38.05,128.19,36.9,66.59,107.03,127.8,117.83,47.67
111.0,111.0,-156.61,-2.73,Animal 2_6hrs_015,71.77,128.95,34.37,66.0,48.97,89.46,125.67,31.83
111.0,111.0,-168.44,-2.94,Animal 2_6hrs_015,35.97,132.99,17.71,44.55,157.31,114.47,108.31,49.29
111.0,111.0,-15.43,-0.27,Animal 2_6hrs_016,0.8,106.99,200.64,3.38,165.93,80.13,103.37,68.5
111.0,111.0,-147.99,-2.58,Animal 2_6hrs_016,38.78,148.0,65.38,44.14,149.8,108.65,128.32,60.43
111.0,111.0,-150.23,-2.62,Animal 2_6hrs_016,50.51,123.93,43.57,55.07,176.14,86.62,108.78,74.48
111.0,111.0,-170.86,-2.98,Animal 2_6hrs_016,50.77,117.37,24.63,49.14,194.81,105.78,96.7,69.79
111.0,111.0,-173.78,-3.03,Animal 2_6hrs_017,49.01,116.77,28.7,71.15,194.21,108.69,102.83,79.99
111.0,111.0,-61.56,-1.07,Animal 2_6hrs_017,16.31,190.43,155.16,15.54,74.21,86.26,98.75,41.41
111.0,111.0,-51.73,-0.9,Animal 2_6hrs_017,145.02,133.47,134.7,180.22,146.24,108.1,114.68,50.29
111.0,111.0,77.43,1.35,Animal 2_6hrs_018,0.72,75.26,129.08,4.81,203.93,123.08,118.42,59.21
111.0,111.0,21.98,0.38,Animal 2_6hrs_018,19.75,56.28,191.09,17.96,242.72,91.8,103.05,71.23
111.0,111.0,82.4,1.44,Animal 2_6hrs_019,0.47,78.42,110.28,3.73,128.39,97.35,107.75,54.28
111.0,111.0,87.07,1.52,Animal 2_6hrs_019,106.89,40.81,144.9,194.29,188.16,82.86,142.75,87.68
111.0,111.0,166.85,2.91,Animal 2_6hrs_019,23.22,87.32,40.09,52.56,167.72,104.27,112.64,65.89
107.0,111.0,-25.01,-0.44,Animal 2_6hrs_019,0.13,136.64,176.09,1.02,149.31,108.78,116.38,58.04
111.0,111.0,112.48,1.96,Animal 2_6hrs_021,18.28,25.77,69.62,49.25,150.31,124.76,110.59,62.84
111.0,111.0,-15.83,-0.28,Animal 2_6hrs_021,47.65,115.73,188.03,90.98,71.87,101.94,139.41,35.23
111.0,111.0,7.49,0.13,Animal 2_6hrs_022,42.64,94.04,152.93,51.52,116.51,102.13,91.47,49.78
111.0,111.0,-74.79,-1.31,Animal 2_6hrs_022,79.18,171.81,156.17,115.32,127.83,82.99,132.02,63.15
109.0,111.0,34.78,0.61,Animal 2_6hrs_024,0.26,49.05,200.23,1.78,246.86,108.34,114.85,96.23
111.0,111.0,22.95,0.4,Animal 2_6hrs_024,1.33,76.51,198.61,6.04,125.82,116.2,104.9,44.09
111.0,111.0,33.06,0.58,Animal 2_6hrs_024,67.29,98.75,184.74,91.24,102.62,144.96,113.76,47.52
111.0,111.0,7.29,0.13,Animal 2_6hrs_025,40.7,85.43,195.52,78.17,181.95,95.48,116.92,65.15
111.0,111.0,-1.76,-0.03,Animal 2_6hrs_025,65.48,120.38,183.49,76.27,142.76,118.02,106.93,51.19
111.0,111.0,24.33,0.42,Animal 2_6hrs_026,82.35,94.82,171.42,151.93,153.18,128.41,97.11,80.46
111.0,111.0,16.62,0.29,Animal 2_6hrs_027,16.28,85.9,204.82,38.27,292.16,113.45,112.54,124.22
111.0,111.0,-12.71,-0.22,Animal 2_6hrs_027,51.76,123.01,182.5,102.95,151.41,106.67,110.04,59.04
111.0,111.0,7.47,0.13,Animal 2_6hrs_028,49.33,99.95,178.47,134.77,152.74,109.85,103.02,52.13
111.0,111.0,12.91,0.23,Animal 2_6hrs_028,46.5,99.22,165.89,102.6,164.47,115.04,96.89,64.81
111.0,111.0,78.02,1.36,Animal 2_6hrs_028,53.02,53.32,155.79,58.04,109.65,121.18,141.39,44.6
111.0,111.0,30.07,0.52,Animal 2_6hrs_029,47.05,46.78,193.09,73.14,288.95,101.67,98.3,71.44
111.0,111.0,0.39,0.01,Animal 2_6hrs_029,44.65,118.92,176.58,77.62,163.02,119.46,97.73,84.5
111.0,111.0,11.0,0.19,Animal 2_6hrs_029,50.06,101.79,198.29,83.19,267.78,117.53,117.31,75.23
111.0,111.0,38.07,0.66,Animal 2_6hrs_030,86.26,56.94,161.55,75.15,143.27,104.65,100.62,57.43
111.0,111.0,-22.09,-0.39,Animal 2_6hrs_030,54.21,132.08,178.13,63.87,155.71,104.74,110.74,56.09
111.0,111.0,-5.56,-0.1,Animal 2_6hrs_031,0.22,96.68,218.16,1.58,77.11,84.71,95.18,40.17
111.0,111.0,30.25,0.53,Animal 2_6hrs_031,67.18,79.2,166.42,112.06,138.25,111.04,111.82,52.15
111.0,111.0,-15.17,-0.26,Animal 2_6hrs_031,51.34,122.3,186.38,48.78,169.73,101.17,108.47,60.75
111.0,111.0,-13.69,-0.24,Animal 2_6hrs_032,0.14,155.58,211.25,1.11,191.62,125.26,86.75,63.65
111.0,111.0,17.67,0.31,Animal 2_6hrs_032,43.12,77.63,185.6,114.88,250.57,102.3,108.15,84.94
111.0,111.0,29.62,0.52,Animal 2_6hrs_032,0.37,49.75,210.28,2.0,224.72,112.13,100.58,86.05
111.0,111.0,-10.2,-0.18,Animal 2_6hrs_033,77.85,123.07,170.68,170.84,186.57,108.67,90.68,59.87
111.0,111.0,8.26,0.14,Animal 2_6hrs_033,44.03,94.95,179.5,92.19,142.69,105.99,103.35,47.14
111.0,111.0,12.98,0.23,Animal 2_6hrs_033,75.3,68.07,188.94,98.21,181.76,92.03,84.95,101.38
111.0,111.0,40.87,0.71,Animal 2_6hrs_034,58.15,75.2,162.49,36.45,103.77,117.57,113.53,40.85
111.0,111.0,-1.22,-0.02,Animal 2_6hrs_034,12.22,113.69,182.85,13.58,122.61,112.0,103.48,43.59
111.0,111.0,141.41,2.47,Animal 2_6hrs_034,16.83,81.1,51.97,22.75,117.21,121.54,102.66,53.33
111.0,111.0,163.63,2.86,Animal 2_6hrs_034,36.09,84.5,25.52,74.63,132.75,108.58,107.49,46.07
111.0,111.0,37.4,0.65,Animal 2_6hrs_035,0.2,8.29,218.65,1.56,240.47,94.78,105.54,84.12
111.0,111.0,-41.14,-0.72,Animal 2_6hrs_035,0.24,186.95,182.76,1.72,209.66,117.57,103.33,74.75
111.0,111.0,-47.68,-0.83,Animal 2_6hrs_035,0.15,160.54,139.77,1.19,40.43,136.1,117.51,28.72
111.0,111.0,13.92,0.24,Animal 2_6hrs_036,8.81,99.12,175.21,11.79,128.34,114.95,111.31,48.58
111.0,111.0,-124.14,-2.17,Animal 2_6hrs_036,67.85,153.2,61.31,61.41,62.24,88.83,104.96,33.16
111.0,111.0,-17.99,-0.31,Animal 2_6hrs_037,19.89,131.23,177.05,18.2,135.58,108.27,106.36,55.37
111.0,111.0,-64.79,-1.13,Animal 2_6hrs_037,73.89,165.67,118.33,64.54,158.01,117.37,95.59,64.31
111.0,111.0,-141.6,-2.47,Animal 2_6hrs_037,35.63,131.61,38.63,72.47,96.22,73.51,111.93,45.27
111.0,111.0,21.81,0.38,Animal 2_6hrs_038,0.58,108.68,177.22,3.49,90.03,140.75,97.09,58.79
111.0,111.0,-148.52,-2.59,Animal 2_6hrs_038,35.48,148.13,27.82,78.46,145.22,98.72,108.53,52.52
111.0,111.0,-175.57,-3.06,Animal 2_6hrs_038,27.95,118.11,56.94,54.14,122.01,112.97,123.22,44.2
111.0,111.0,45.08,0.79,Animal 2_6hrs_039,0.44,16.05,218.71,2.34,121.7,118.09,116.95,44.35
111.0,111.0,-12.67,-0.22,Animal 2_6hrs_039,0.49,136.5,183.6,2.37,1.18,120.51,112.51,10.69
111.0,111.0,-28.54,-0.5,Animal 2_6hrs_039,16.66,145.51,175.75,16.55,123.76,111.35,112.95,45.09
95.0,111.0,27.94,0.49,Animal 2_6hrs_039,0.68,61.78,188.97,2.89,123.15,101.94,113.24,43.64
111.0,111.0,57.9,1.01,Animal 2_6hrs_040,0.12,53.8,146.3,0.93,112.2,115.98,107.29,51.26
111.0,111.0,22.47,0.39,Animal 2_6hrs_040,14.15,58.11,169.81,14.64,119.66,81.05,114.34,50.05
90.0,111.0,-56.58,-0.99,Animal 2_6hrs_041,77.25,126.21,151.34,66.89,101.08,64.77,110.8,45.46
111.0,111.0,-131.33,-2.29,Animal 2_6hrs_041,31.17,185.46,48.21,44.54,148.12,113.97,111.08,58.03
111.0,111.0,-157.02,-2.74,Animal 2_6hrs_041,30.12,127.43,60.36,57.92,133.59,102.72,118.62,48.41
111.0,111.0,-60.63,-1.06,Animal 2_6hrs_041,0.2,128.53,144.12,1.59,329.82,96.34,126.0,120.17
111.0,111.0,-114.17,-1.99,Animal 2_6hrs_042,24.96,170.03,88.12,35.09,114.28,108.92,115.54,43.91
111.0,111.0,-110.57,-1.93,Animal 2_6hrs_042,87.55,160.54,81.08,114.68,97.51,88.62,108.07,48.06
111.0,111.0,-64.46,-1.13,Animal 2_6hrs_042,94.49,192.93,136.91,91.94,283.33,120.18,102.15,79.76
